High,Low,Open,Close,Volume,Adj Close
8.399999618530273,6.900000095367432,8.399999618530273,7.039999961853027,1207175.0,5.712821006774902
7.300000190734863,6.949999809265137,7.289999961853027,7.0,561190.0,5.680360794067383
7.300000190734863,6.929999828338623,7.300000190734863,7.099999904632568,516425.0,5.761508941650391
7.849999904632568,7.0,7.179999828338623,7.010000228881836,1895050.0,5.6884765625
7.400000095367432,7.010000228881836,7.300000190734863,7.150000095367432,960900.0,5.802083969116211
7.360000133514404,7.050000190734863,7.360000133514404,7.150000095367432,407255.0,5.802083969116211
7.190000057220459,6.809999942779541,7.039999961853027,7.079999923706055,1080370.0,5.745279312133789
7.25,7.0,7.239999771118164,7.21999979019165,984485.0,5.858885765075684
7.5,7.190000057220459,7.199999809265137,7.210000038146973,449920.0,5.850772380828857
7.489999771118164,7.150000095367432,7.489999771118164,7.210000038146973,548790.0,5.850772380828857
7.599999904632568,7.190000057220459,7.300000190734863,7.21999979019165,657000.0,5.858885765075684
8.0,7.179999828338623,7.400000095367432,7.239999771118164,2020175.0,5.875116348266602
7.599999904632568,7.170000076293945,7.400000095367432,7.21999979019165,685895.0,5.858885765075684
7.599999904632568,7.199999809265137,7.210000038146973,7.309999942779541,579110.0,5.931921005249023
7.599999904632568,7.110000133514404,7.599999904632568,7.230000019073486,772615.0,5.867001056671143
8.0,7.21999979019165,8.0,7.539999961853027,714415.0,6.118560791015625
8.100000381469727,7.539999961853027,7.539999961853027,7.679999828338623,2044025.0,6.232167720794678
8.020000457763672,7.539999961853027,7.789999961853027,7.880000114440918,1840535.0,6.394463539123535
9.100000381469727,7.079999923706055,7.139999866485596,8.890000343322754,11070375.0,7.2140583992004395
9.600000381469727,8.399999618530273,9.600000381469727,8.760000228881836,5547915.0,7.108564853668213
9.1899995803833,8.520000457763672,9.1899995803833,8.789999961853027,2897395.0,7.132909297943115
9.069999694824219,8.029999732971191,8.220000267028809,8.40999984741211,2384070.0,6.82454776763916
9.100000381469727,8.3100004196167,8.489999771118164,8.869999885559082,2353100.0,7.197829246520996
9.5600004196167,8.760000228881836,8.899999618530273,8.920000076293945,6854365.0,7.238401412963867
9.680000305175781,8.850000381469727,8.989999771118164,8.90999984741211,4716450.0,7.230288505554199
10.0,8.210000038146973,10.0,8.369999885559082,1569580.0,6.792088985443115
8.890000343322754,8.300000190734863,8.890000343322754,8.489999771118164,1107640.0,6.889467716217041
8.6899995803833,7.840000152587891,8.6899995803833,7.880000114440918,713510.0,6.394463539123535
9.800000190734863,8.010000228881836,8.579999923706055,8.760000228881836,2725845.0,7.108564853668213
10.0,8.489999771118164,10.0,8.600000381469727,2157070.0,6.978728294372559
8.979999542236328,8.050000190734863,8.640000343322754,8.109999656677246,2978120.0,6.581103801727295
8.170000076293945,7.619999885559082,8.149999618530273,7.840000152587891,837220.0,6.36200475692749
9.0,7.699999809265137,7.800000190734863,8.199999809265137,1280165.0,6.65413761138916
9.0,7.809999942779541,9.0,8.020000457763672,774600.0,6.508071422576904
8.170000076293945,7.820000171661377,8.020000457763672,8.09000015258789,1523860.0,6.564874649047852
9.399999618530273,8.130000114440918,8.180000305175781,8.359999656677246,3809975.0,6.7839741706848145
9.399999618530273,8.3100004196167,9.399999618530273,8.449999809265137,585750.0,6.857007026672363
10.0,8.460000038146973,8.569999694824219,8.829999923706055,3045750.0,7.165369510650635
9.59000015258789,8.34000015258789,9.100000381469727,9.319999694824219,3767390.0,7.562995433807373
9.800000190734863,8.800000190734863,9.579999923706055,8.960000038146973,8383780.0,7.270861625671387
9.399999618530273,8.90999984741211,8.920000076293945,9.170000076293945,3848980.0,7.441272258758545
9.399999618530273,9.0,9.300000190734863,9.34000015258789,2644765.0,7.579225540161133
10.949999809265137,9.199999809265137,9.4399995803833,10.460000038146973,13575195.0,8.488081932067871
10.430000305175781,9.600000381469727,10.010000228881836,10.130000114440918,4858755.0,8.220294952392578
11.149999618530273,9.600000381469727,9.949999809265137,10.600000381469727,11836510.0,8.601690292358398
10.979999542236328,10.050000190734863,10.59000015258789,10.180000305175781,3480480.0,8.635974884033203
10.390000343322754,9.720000267028809,10.350000381469727,9.760000228881836,2950425.0,8.279677391052246
11.979999542236328,9.600000381469727,9.739999771118164,10.829999923706055,12848490.0,9.187387466430664
14.0,10.920000076293945,12.199999809265137,13.020000457763672,37751435.0,11.0452241897583
15.800000190734863,13.619999885559082,15.350000381469727,15.0,33733345.0,12.724912643432617
15.979999542236328,14.399999618530273,15.199999809265137,15.65999984741211,21629775.0,13.284810066223145
16.760000228881836,14.869999885559082,15.960000038146973,16.010000228881836,17152305.0,13.5817232131958
16.649999618530273,15.050000190734863,16.200000762939453,15.489999771118164,8870590.0,13.140593528747559
16.260000228881836,15.0,15.579999923706055,15.149999618530273,6955200.0,12.85216236114502
16.100000381469727,14.600000381469727,15.399999618530273,15.180000305175781,7559215.0,12.877612113952637
15.5,14.130000114440918,15.5,14.729999542236328,5833135.0,12.49586296081543
17.479999542236328,14.399999618530273,14.989999771118164,14.520000457763672,8494490.0,12.317716598510742
15.239999771118164,13.859999656677246,14.699999809265137,14.0,5547625.0,11.8765869140625
14.920000076293945,12.819999694824219,14.920000076293945,13.020000457763672,3416470.0,11.0452241897583
14.0,12.649999618530273,13.020000457763672,13.970000267028809,2341420.0,11.851136207580566
15.380000114440918,13.84000015258789,13.970000267028809,14.960000038146973,5077520.0,12.690979957580566
16.399999618530273,15.0,15.0,16.329999923706055,8250660.0,13.853189468383789
17.469999313354492,16.200000762939453,16.489999771118164,16.780000686645508,10169640.0,14.23493766784668
17.799999237060547,14.720000267028809,17.799999237060547,15.039999961853027,4157835.0,12.758845329284668
15.600000381469727,14.699999809265137,15.600000381469727,14.949999809265137,2146270.0,12.682496070861816
15.359999656677246,14.399999618530273,15.300000190734863,14.460000038146973,2889830.0,12.266814231872559
15.359999656677246,14.3100004196167,14.399999618530273,14.380000114440918,3498595.0,12.198948860168457
17.18000030517578,14.380000114440918,14.420000076293945,15.260000228881836,10336840.0,12.945477485656738
17.15999984741211,15.680000305175781,15.960000038146973,16.729999542236328,6198000.0,14.192520141601562
27.399999618530273,16.799999237060547,16.799999237060547,21.8799991607666,44140110.0,18.561403274536133
24.200000762939453,21.0,22.0,22.770000457763672,17677675.0,19.316415786743164
25.5,22.700000762939453,23.0,25.309999465942383,14294745.0,21.471168518066406
29.559999465942383,25.200000762939453,25.200000762939453,26.530000686645508,13637220.0,22.506128311157227
30.639999389648438,26.799999237060547,30.639999389648438,30.059999465942383,13484860.0,25.500722885131836
30.979999542236328,27.639999389648438,30.540000915527344,29.1200008392334,8809805.0,24.703298568725586
34.0,27.81999969482422,29.34000015258789,31.489999771118164,17491580.0,26.713830947875977
35.15999984741211,29.84000015258789,33.0,31.959999084472656,25357830.0,27.112550735473633
35.86000061035156,31.959999084472656,31.959999084472656,32.939998626708984,17783310.0,27.94390869140625
32.939998626708984,27.0,32.939998626708984,28.139999389648438,8614425.0,23.871936798095703
31.799999237060547,28.3799991607666,28.3799991607666,30.239999771118164,11981975.0,25.653423309326172
30.780000686645508,27.479999542236328,30.360000610351562,28.360000610351562,5040035.0,24.058568954467773
28.770000457763672,26.799999237060547,28.770000457763672,27.850000381469727,4054885.0,23.625919342041016
29.270000457763672,27.200000762939453,28.25,27.360000610351562,2878795.0,23.21023941040039
28.549999237060547,26.700000762939453,27.510000228881836,26.829999923706055,2811940.0,22.760629653930664
27.719999313354492,24.43000030517578,27.149999618530273,26.40999984741211,4017190.0,22.404329299926758
27.84000015258789,24.799999237060547,26.299999237060547,27.559999465942383,3575580.0,23.379905700683594
33.47999954223633,27.770000457763672,27.770000457763672,33.189998626708984,13859335.0,28.155986785888672
34.11000061035156,31.209999084472656,33.400001525878906,31.709999084472656,6678925.0,26.900463104248047
33.47999954223633,31.200000762939453,31.600000381469727,32.459999084472656,4195335.0,27.536712646484375
33.65999984741211,31.40999984741211,32.599998474121094,32.939998626708984,6618255.0,27.94390869140625
32.9900016784668,30.010000228881836,32.0,31.209999084472656,3644560.0,26.476303100585938
31.600000381469727,29.649999618530273,31.200000762939453,30.049999237060547,2688135.0,25.492244720458984
30.309999465942383,25.829999923706055,28.399999618530273,26.270000457763672,4597825.0,22.285568237304688
30.979999542236328,21.010000228881836,22.0,24.920000076293945,3578765.0,21.14031982421875
29.600000381469727,23.299999237060547,24.0,23.709999084472656,4042780.0,20.11384391784668
23.399999618530273,21.18000030517578,23.399999618530273,22.139999389648438,3867205.0,19.160486221313477
24.959999084472656,22.600000381469727,22.959999084472656,23.079999923706055,4405465.0,19.973987579345703
25.959999084472656,22.5,22.5,23.75,2238180.0,20.553821563720703
25.799999237060547,22.829999923706055,23.780000686645508,23.81999969482422,3611415.0,20.614398956298828
27.0,24.010000228881836,24.09000015258789,25.8799991607666,2987250.0,22.397172927856445
26.399999618530273,21.450000762939453,24.780000686645508,24.280000686645508,5864235.0,21.012495040893555
26.100000381469727,23.219999313354492,23.219999313354492,25.90999984741211,5246180.0,22.423133850097656
26.540000915527344,22.31999969482422,26.540000915527344,25.760000228881836,2941355.0,22.29332160949707
26.09000015258789,24.030000686645508,24.030000686645508,25.600000381469727,1325500.0,22.154857635498047
25.959999084472656,24.450000762939453,25.399999618530273,25.329999923706055,1286135.0,21.92119026184082
25.920000076293945,24.100000381469727,25.450000762939453,24.3700008392334,1471565.0,21.090383529663086
24.780000686645508,22.81999969482422,24.780000686645508,23.149999618530273,2448130.0,20.034564971923828
23.799999237060547,21.850000381469727,22.799999237060547,22.84000015258789,2429355.0,19.766286849975586
25.959999084472656,23.0,23.0,25.010000228881836,2510595.0,21.644254684448242
25.690000534057617,23.81999969482422,25.690000534057617,23.940000534057617,4073185.0,20.718252182006836
28.079999923706055,23.65999984741211,24.200000762939453,26.350000381469727,10119165.0,22.803926467895508
26.950000762939453,25.5,26.559999465942383,25.670000076293945,3060995.0,22.215436935424805
26.540000915527344,25.299999237060547,26.079999923706055,26.389999389648438,2400790.0,22.838539123535156
32.400001525878906,26.219999313354492,26.59000015258789,31.84000015258789,11442295.0,27.55510139465332
33.11000061035156,28.030000686645508,32.099998474121094,30.420000076293945,11436110.0,26.326200485229492
33.79999923706055,29.5,30.75,30.6200008392334,4080570.0,26.499286651611328
31.600000381469727,28.0,31.0,30.559999465942383,4159465.0,26.447357177734375
33.0,29.020000457763672,30.799999237060547,30.450000762939453,3170940.0,26.352163314819336
32.0,30.600000381469727,31.059999465942383,30.700000762939453,2913320.0,26.568517684936523
32.779998779296875,30.700000762939453,30.700000762939453,31.0,4051155.0,26.828142166137695
33.0,30.200000762939453,30.6200008392334,32.72999954223633,3325320.0,28.325326919555664
38.97999954223633,32.79999923706055,33.20000076293945,35.540000915527344,13834080.0,30.757173538208008
41.880001068115234,35.130001068115234,37.0,36.130001068115234,13299745.0,31.267776489257812
36.400001525878906,30.0,36.400001525878906,33.79999923706055,12817750.0,29.25132942199707
38.52000045776367,33.79999923706055,33.79999923706055,36.68000030517578,17762650.0,31.743757247924805
37.70000076293945,32.310001373291016,36.79999923706055,37.040000915527344,5347375.0,32.055301666259766
38.400001525878906,35.400001525878906,37.0,38.02000045776367,6422790.0,32.90342330932617
39.0,34.0,38.34000015258789,37.790000915527344,9001745.0,32.704376220703125
41.599998474121094,37.22999954223633,38.599998474121094,38.209999084472656,12852255.0,33.067848205566406
41.93000030517578,37.79999923706055,38.65999984741211,41.029998779296875,7498230.0,35.50835037231445
48.0,39.52000045776367,41.47999954223633,45.0,13489860.0,38.94408416748047
46.79999923706055,41.11000061035156,45.0,46.130001068115234,5430390.0,39.92201614379883
47.29999923706055,43.599998474121094,46.400001525878906,44.0099983215332,4903330.0,38.08731460571289
47.16999816894531,44.119998931884766,46.400001525878906,45.2400016784668,6391795.0,39.15177917480469
51.29999923706055,44.599998474121094,45.7400016784668,46.310001373291016,10422770.0,40.07779312133789
52.79999923706055,47.0,48.400001525878906,52.209999084472656,12890620.0,45.18379211425781
53.95000076293945,47.599998474121094,52.0,48.34000015258789,11538520.0,41.834598541259766
49.13999938964844,45.810001373291016,48.970001220703125,46.59000015258789,4697425.0,40.32010269165039
48.349998474121094,44.61000061035156,46.900001525878906,47.630001068115234,5058075.0,41.220149993896484
48.79999923706055,45.79999923706055,47.630001068115234,45.90999984741211,1859090.0,39.73161315917969
46.279998779296875,44.59000015258789,46.279998779296875,45.279998779296875,1064630.0,39.18639373779297
48.84000015258789,43.20000076293945,44.79999923706055,47.7400016784668,5707565.0,41.31534194946289
49.9900016784668,45.099998474121094,47.97999954223633,46.02000045776367,7880755.0,39.82681655883789
52.599998474121094,45.599998474121094,46.56999969482422,47.95000076293945,7825785.0,41.4970817565918
48.45000076293945,46.0,48.29999923706055,46.470001220703125,8626460.0,40.21625518798828
46.47999954223633,43.2599983215332,46.47999954223633,44.029998779296875,7853470.0,38.104618072509766
45.36000061035156,43.599998474121094,44.79999923706055,44.95000076293945,6818545.0,39.40217971801758
48.400001525878906,44.099998474121094,45.18000030517578,46.43000030517578,10901230.0,40.69951248168945
48.400001525878906,45.40999984741211,46.599998474121094,46.290000915527344,7023765.0,40.57679748535156
47.36000061035156,45.619998931884766,45.619998931884766,47.04999923706055,7941130.0,41.24299621582031
49.58000183105469,46.45000076293945,47.47999954223633,48.099998474121094,10216380.0,42.16339874267578
50.369998931884766,46.79999923706055,48.20000076293945,49.790000915527344,10474565.0,43.64482116699219
53.04999923706055,46.0,49.04999923706055,52.619998931884766,7329175.0,46.12553024291992
54.689998626708984,49.810001373291016,53.0099983215332,50.349998474121094,7961325.0,44.13569641113281
52.29999923706055,49.220001220703125,50.599998474121094,49.95000076293945,7477200.0,43.785072326660156
54.400001525878906,48.529998779296875,50.0,52.58000183105469,10680390.0,46.090476989746094
57.0,52.45000076293945,52.97999954223633,53.220001220703125,26880810.0,46.65148162841797
54.08000183105469,51.04999923706055,53.619998931884766,52.310001373291016,14314120.0,45.853790283203125
53.0,52.0,52.310001373291016,52.310001373291016,3342740.0,45.853790283203125
53.79999923706055,48.0,53.79999923706055,49.7400016784668,6497655.0,43.60098648071289
52.18000030517578,48.709999084472656,49.790000915527344,51.43000030517578,19590175.0,45.0824089050293
53.779998779296875,50.900001525878906,51.0,53.41999816894531,4664760.0,46.82678985595703
54.88999938964844,50.529998779296875,53.70000076293945,53.34000015258789,5308470.0,46.75666809082031
58.4900016784668,52.810001373291016,53.0,53.5099983215332,8816640.0,46.90569305419922
57.95000076293945,51.79999923706055,57.7599983215332,53.15999984741211,7759025.0,46.59888458251953
53.599998474121094,49.779998779296875,53.13999938964844,51.279998779296875,8138665.0,44.95091247558594
52.560001373291016,49.63999938964844,51.79999923706055,51.52000045776367,8177855.0,45.161293029785156
52.959999084472656,45.20000076293945,52.2599983215332,46.970001220703125,9115715.0,41.1728630065918
47.95000076293945,43.869998931884766,47.5,45.65999984741211,9131175.0,40.02455139160156
48.400001525878906,44.900001525878906,44.900001525878906,47.790000915527344,1506850.0,41.89165496826172
48.84000015258789,46.5,48.0,48.060001373291016,5974185.0,42.12834167480469
51.7400016784668,48.38999938964844,48.619998931884766,50.02000045776367,8975995.0,43.84642791748047
51.97999954223633,47.5,50.15999984741211,51.5099983215332,5635810.0,45.15252685546875
56.79999923706055,51.0,51.599998474121094,56.56999969482422,10650050.0,49.58802032470703
60.0,55.0,56.599998474121094,57.209999084472656,5278940.0,50.14902114868164
62.18000030517578,56.5,57.5,57.18000030517578,8645590.0,50.12272644042969
60.79999923706055,57.54999923706055,58.0,60.0099983215332,5775120.0,52.60343933105469
61.400001525878906,55.20000076293945,60.0099983215332,57.38999938964844,6777010.0,50.30680465698242
63.099998474121094,57.29999923706055,58.400001525878906,62.77000045776367,7632050.0,55.02280044555664
65.1500015258789,58.529998779296875,63.0,63.63999938964844,7279905.0,55.785423278808594
71.0,62.20000076293945,63.9900016784668,67.75,6590820.0,59.388153076171875
74.9800033569336,64.19999694824219,67.9000015258789,66.6500015258789,11679630.0,58.42392349243164
69.0,64.80000305175781,66.6500015258789,65.7699966430664,9014410.0,57.652530670166016
72.4000015258789,65.19999694824219,66.0,68.56999969482422,9744185.0,60.10694885253906
72.80000305175781,67.83999633789062,68.80000305175781,68.16999816894531,7794670.0,59.756309509277344
68.87999725341797,63.0,68.4000015258789,64.30000305175781,8955395.0,56.36396789550781
72.4000015258789,64.4000015258789,64.80000305175781,72.02999877929688,13616640.0,63.13990783691406
75.30000305175781,69.20999908447266,72.0199966430664,72.83000183105469,9810600.0,63.84116744995117
85.0999984741211,68.91999816894531,72.95999908447266,74.94000244140625,36907365.0,65.69075775146484
75.98999786376953,69.19999694824219,75.5999984741211,71.48999786376953,14763050.0,62.66655349731445
72.9000015258789,67.6500015258789,72.9000015258789,71.20999908447266,13742865.0,62.42111587524414
74.4000015258789,69.22000122070312,71.5999984741211,70.02999877929688,6614145.0,61.386741638183594
71.58000183105469,63.099998474121094,71.0999984741211,63.79999923706055,7055595.0,55.92567825317383
74.0,65.0,65.1500015258789,68.80999755859375,15302350.0,60.31732940673828
72.16000366210938,58.04999923706055,69.27999877929688,69.56999969482422,7949645.0,60.98352813720703
75.0,70.0999984741211,70.0999984741211,72.47000122070312,7563730.0,63.52560806274414
76.0,71.0,72.95999908447266,72.2300033569336,11034600.0,63.31523513793945
72.88999938964844,62.79999923706055,72.58999633789062,64.75,6428560.0,56.758426666259766
67.19999694824219,56.599998474121094,65.7300033569336,60.540000915527344,16049245.0,53.610416412353516
62.599998474121094,56.0,61.20000076293945,61.77000045776367,7170595.0,54.699615478515625
62.47999954223633,47.400001525878906,62.0,52.13999938964844,10480905.0,46.17189407348633
54.5,44.029998779296875,53.599998474121094,52.2599983215332,7643465.0,46.27816390991211
58.400001525878906,49.5,52.599998474121094,55.290000915527344,6215280.0,48.96133804321289
58.0,50.060001373291016,58.0,53.59000015258789,23148035.0,47.4559211730957
57.880001068115234,53.20000076293945,54.79999923706055,54.81999969482422,4584835.0,48.545135498046875
57.38999938964844,50.20000076293945,57.38999938964844,54.81999969482422,4295570.0,48.545135498046875
57.0,49.900001525878906,55.0,52.06999969482422,5542165.0,46.10990905761719
63.400001525878906,50.06999969482422,52.0,59.540000915527344,14788320.0,52.72486877441406
65.4000015258789,59.0,60.0,63.599998474121094,9495915.0,56.320152282714844
67.08000183105469,59.599998474121094,62.0,66.0,13408540.0,58.44544219970703
67.38999938964844,65.04000091552734,66.66000366210938,65.94999694824219,7330090.0,58.40115737915039
69.30000305175781,64.5999984741211,65.94999694824219,68.61000061035156,9802375.0,60.75668716430664
71.80000305175781,67.5999984741211,69.0,70.0199966430664,5668965.0,62.005306243896484
71.5999984741211,67.41000366210938,71.5999984741211,67.8499984741211,5119610.0,60.083683013916016
71.38999938964844,65.19999694824219,68.20999908447266,69.58000183105469,13707590.0,61.61565399169922
72.18000030517578,67.22000122070312,70.16000366210938,70.56999969482422,11083710.0,62.492347717285156
79.80000305175781,69.4000015258789,70.0,75.83999633789062,19188975.0,67.15911865234375
80.27999877929688,74.41999816894531,75.83999633789062,78.88999938964844,11989390.0,69.86001586914062
82.37999725341797,76.97000122070312,78.81999969482422,82.0,10789870.0,72.6140365600586
86.18000030517578,81.80000305175781,83.0,84.0199966430664,15178785.0,74.40281677246094
85.37000274658203,80.44999694824219,84.5999984741211,83.69000244140625,8587995.0,74.110595703125
90.0,83.0,83.69000244140625,88.11000061035156,11563915.0,78.02467346191406
90.19000244140625,83.62999725341797,86.0,89.0,8589280.0,78.81279754638672
99.58000183105469,89.19999694824219,89.19999694824219,97.01000213623047,21441795.0,85.90596008300781
102.95999908447266,93.81999969482422,96.0,99.30000305175781,14626125.0,87.933837890625
101.38999938964844,93.55999755859375,100.0,98.69999694824219,12096790.0,87.40249633789062
100.95999908447266,92.31999969482422,100.01000213623047,92.98999786376953,9866480.0,82.34607696533203
93.19999694824219,83.0,92.0,91.7300033569336,10303835.0,81.23030090332031
96.0,89.33000183105469,91.7300033569336,92.26000213623047,8165100.0,81.69965362548828
94.97000122070312,90.5999984741211,92.26000213623047,93.91999816894531,7932055.0,83.16963958740234
97.0,92.26000213623047,93.91999816894531,94.56999969482422,4978175.0,83.74523162841797
100.4000015258789,91.04000091552734,94.4000015258789,99.95999908447266,20960755.0,88.51828002929688
112.9800033569336,100.22000122070312,108.4000015258789,107.05000305175781,26463955.0,94.7967300415039
110.77999877929688,101.0,108.12999725341797,102.87000274658203,11968900.0,91.09519958496094
123.0,100.19999694824219,104.19999694824219,117.55000305175781,20066265.0,104.0948715209961
120.0,106.44999694824219,117.5999984741211,114.66000366210938,30446660.0,101.5356674194336
115.0,95.33000183105469,110.66000366210938,109.30999755859375,20945530.0,96.79804229736328
112.80000305175781,96.22000122070312,110.75,98.19000244140625,26533165.0,86.95086669921875
100.80999755859375,83.0,98.5999984741211,94.04000091552734,15330500.0,83.27588653564453
93.80000305175781,79.25,93.0,91.27999877929688,26061070.0,80.8318099975586
100.23999786376953,87.30000305175781,90.19999694824219,89.73999786376953,21353440.0,79.46807861328125
106.0,88.41999816894531,91.0,104.93000030517578,17661470.0,92.91940307617188
108.80000305175781,94.62999725341797,105.8499984741211,98.08000183105469,17268235.0,86.85346221923828
95.5999984741211,87.0,93.98999786376953,90.29000091552734,17231370.0,79.95513153076172
101.0,90.44999694824219,91.0,93.77999877929688,23659920.0,83.04564666748047
95.68000030517578,91.25,95.0,93.25,28948520.0,82.5763168334961
95.69999694824219,90.61000061035156,94.08000183105469,91.0,32815515.0,80.58386993408203
97.80000305175781,87.23999786376953,88.0,96.0199966430664,31103810.0,85.02925872802734
108.0,96.61000061035156,97.19999694824219,104.08999633789062,53971840.0,92.175537109375
110.19999694824219,104.0,104.5999984741211,107.3499984741211,18861170.0,95.06238555908203
118.37999725341797,106.0,106.0,112.88999938964844,22726875.0,100.80528259277344
117.5999984741211,110.0,115.0999984741211,115.4000015258789,16218035.0,103.04659271240234
119.73999786376953,110.26000213623047,117.9800033569336,111.79000091552734,12179040.0,99.82305145263672
120.77999877929688,112.0,112.80000305175781,119.94999694824219,13816650.0,107.1095199584961
125.69999694824219,115.05999755859375,120.80000305175781,122.86000061035156,12378675.0,109.70801544189453
124.4000015258789,115.0,122.69999694824219,121.0999984741211,16790420.0,108.13642883300781
127.16999816894531,120.22000122070312,124.94000244140625,125.75,13172030.0,112.28865051269531
131.9600067138672,124.0,126.4000015258789,128.9600067138672,11795385.0,115.15503692626953
132.39999389648438,126.0199966430664,129.0,128.9199981689453,11541445.0,115.11930847167969
129.8000030517578,119.20999908447266,128.8000030517578,122.87000274658203,18339645.0,109.71695709228516
135.75999450683594,119.62999725341797,120.4000015258789,124.2300033569336,19965005.0,110.9313735961914
127.77999877929688,115.04000091552734,120.4000015258789,117.87000274658203,15709595.0,105.252197265625
121.55999755859375,106.80000305175781,118.0,115.02999877929688,15974670.0,102.71620178222656
122.77999877929688,112.43000030517578,117.0,114.19000244140625,16099245.0,101.96612548828125
128.60000610351562,115.02999877929688,116.4000015258789,127.0,47223185.0,113.40483093261719
135.0,125.16999816894531,127.0,130.24000549316406,14673945.0,116.2979965209961
134.39999389648438,128.0,129.69000244140625,130.0,10586130.0,116.08368682861328
142.77999877929688,128.39999389648438,129.1999969482422,141.94000244140625,18927200.0,126.74552154541016
155.0,142.0399932861328,142.39999389648438,152.9199981689453,20159765.0,136.5501251220703
154.5,145.00999450683594,153.3800048828125,147.77999877929688,13459965.0,131.96035766601562
154.0,137.99000549316406,148.0,148.80999755859375,10630100.0,132.88009643554688
180.1999969482422,150.0,150.60000610351562,165.97000122070312,30297720.0,148.2031707763672
188.0,159.8000030517578,164.77999877929688,185.22000122070312,14846225.0,165.39247131347656
191.3800048828125,176.39999389648438,185.60000610351562,186.42999267578125,11420710.0,166.4729461669922
202.0,178.1300048828125,186.60000610351562,182.83999633789062,12888080.0,163.26724243164062
199.8000030517578,174.3000030517578,180.0,195.66000366210938,11206405.0,174.7148895263672
204.94000244140625,180.0,196.72000122070312,185.32000732421875,12966840.0,165.4817657470703
190.97999572753906,180.0,188.0399932861328,186.1300048828125,20692760.0,166.20504760742188
190.1999969482422,183.3300018310547,187.22999572753906,187.7100067138672,10449620.0,167.61593627929688
199.7899932861328,180.4499969482422,188.0,198.92999267578125,21664450.0,177.6348114013672
202.66000366210938,185.0399932861328,199.0500030517578,186.77000427246094,7201265.0,166.7765350341797
197.1999969482422,187.3000030517578,190.0,195.11000061035156,8457855.0,174.22378540039062
214.88999938964844,193.1999969482422,197.1999969482422,210.97999572753906,11447135.0,188.39491271972656
235.99000549316406,196.1300048828125,207.0,233.9499969482422,22808015.0,208.906005859375
258.29998779296875,218.0,236.0,222.5500030517578,23123940.0,198.72633361816406
230.1999969482422,169.7100067138672,216.0,219.5500030517578,20939555.0,196.04750061035156
239.0,207.05999755859375,217.8000030517578,217.02999877929688,18612135.0,193.79725646972656
225.9600067138672,193.11000061035156,223.8000030517578,196.72999572753906,13039985.0,175.6703338623047
210.0,180.1999969482422,196.72999572753906,205.8800048828125,16574860.0,183.84085083007812
219.97000122070312,192.0500030517578,208.0,194.1999969482422,10276690.0,173.41116333007812
208.0,187.60000610351562,199.60000610351562,204.50999450683594,12750140.0,182.6174774169922
199.60000610351562,161.86000061035156,193.0,168.1699981689453,16324370.0,150.16761779785156
178.97999572753906,151.25999450683594,170.0,172.07000732421875,28343325.0,153.65017700195312
168.1999969482422,148.0,168.1999969482422,150.6699981689453,21620970.0,134.54100036621094
168.0,142.5,154.0,161.44000244140625,27191575.0,144.15806579589844
164.0,142.00999450683594,161.0,142.88999938964844,35236785.0,127.59383392333984
164.4499969482422,139.0,143.5800018310547,151.99000549316406,27100840.0,135.71969604492188
170.60000610351562,148.22999572753906,151.99000549316406,164.8800048828125,23392185.0,147.2298583984375
184.8000030517578,163.00999450683594,166.39999389648438,181.5399932861328,42547990.0,162.10641479492188
193.94000244140625,180.0,183.1999969482422,187.1300048828125,24396165.0,167.09800720214844
193.97999572753906,166.39999389648438,187.8000030517578,167.1699981689453,35155185.0,149.27468872070312
183.5800018310547,164.0,168.8000030517578,180.00999450683594,30266085.0,160.7401885986328
180.00999450683594,159.1999969482422,180.00999450683594,159.88999938964844,22215355.0,142.7740020751953
165.8000030517578,146.0500030517578,158.0,158.64999389648438,43203320.0,142.65084838867188
161.4499969482422,144.4499969482422,155.0,152.11000061035156,33076620.0,136.7703399658203
149.9600067138672,134.1999969482422,149.0,140.89999389648438,36472290.0,126.69082641601562
160.8000030517578,138.82000732421875,142.0,140.74000549316406,61367825.0,126.5469741821289
143.94000244140625,123.4000015258789,140.0,125.72000122070312,52328365.0,113.04167175292969
129.0,112.44000244140625,125.0,120.08999633789062,54479985.0,107.97943878173828
140.0,113.30000305175781,118.0,133.0500030517578,58209320.0,119.6324691772461
140.0,115.26000213623047,133.0,137.1199951171875,109230535.0,123.29203033447266
160.39999389648438,134.66000366210938,139.0,142.57000732421875,74512170.0,128.1924285888672
143.94000244140625,123.0199966430664,126.80000305175781,135.97999572753906,92335300.0,122.2669677734375
160.36000061035156,134.0399932861328,136.0,147.02999877929688,93497310.0,132.20265197753906
153.75999450683594,137.25999450683594,153.75999450683594,140.0,66854555.0,125.881591796875
142.5,127.30000305175781,139.60000610351562,135.97000122070312,67834450.0,122.25801086425781
145.3800048828125,132.42999267578125,141.0,144.67999267578125,71819380.0,130.08961486816406
154.32000732421875,136.80999755859375,144.00999450683594,137.4499969482422,90403640.0,123.58876037597656
146.8000030517578,137.39999389648438,139.0,138.50999450683594,81965920.0,124.54185485839844
143.97999572753906,121.19999694824219,136.0,141.7100067138672,87038450.0,127.4191665649414
145.17999267578125,135.94000244140625,142.99000549316406,141.02000427246094,88301340.0,126.79873657226562
149.0,107.5999984741211,141.0,140.4600067138672,97220190.0,126.29520416259766
154.8000030517578,107.30000305175781,138.94000244140625,110.5199966430664,76548405.0,99.37452697753906
145.33999633789062,113.0,113.0,124.06999969482422,94519080.0,111.55807495117188
133.60000610351562,103.4000015258789,125.27999877929688,107.7699966430664,96618385.0,96.90186309814453
119.80000305175781,95.0,106.0,112.58999633789062,53841065.0,101.23577880859375
134.9600067138672,109.43000030517578,116.45999908447266,116.31999969482422,83280230.0,104.58963775634766
122.5999984741211,97.4000015258789,118.88999938964844,98.58999633789062,61816455.0,88.64761352539062
99.9800033569336,76.72000122070312,99.55999755859375,82.30000305175781,80580915.0,74.00040435791016
84.0,70.5,81.80000305175781,81.69999694824219,84853045.0,73.46089172363281
95.0,77.6500015258789,82.5,88.61000061035156,118501145.0,79.674072265625
95.80000305175781,87.12000274658203,92.0,93.76000213623047,68549330.0,84.30471801757812
112.4000015258789,95.0,95.63999938964844,109.19999694824219,79342645.0,98.1876449584961
111.36000061035156,95.44999694824219,109.94000244140625,96.55999755859375,52497500.0,86.82233428955078
109.5,93.5999984741211,96.0,108.37999725341797,61674780.0,97.45033264160156
115.4000015258789,95.0,109.9000015258789,97.31999969482422,57804120.0,87.50570678710938
98.95999908447266,84.19999694824219,98.0,88.70999908447266,71056325.0,79.76398468017578
90.0,76.0199966430664,89.77999877929688,76.86000061035156,47328370.0,69.10900115966797
89.0,76.6500015258789,76.86000061035156,86.73999786376953,60659655.0,77.99263763427734
86.5999984741211,76.80000305175781,86.5999984741211,80.5999984741211,49910825.0,72.47184753417969
88.87999725341797,81.27999877929688,81.91999816894531,88.08000183105469,57886455.0,79.19751739501953
88.0,73.5999984741211,88.0,74.54000091552734,54601160.0,67.02296447753906
75.16000366210938,67.3499984741211,74.54000091552734,69.58000183105469,55791600.0,62.56315612792969
68.87999725341797,57.31999969482422,68.5999984741211,58.9900016784668,127655755.0,53.04111862182617
66.91000366210938,55.650001525878906,58.52000045776367,65.9800033569336,66242100.0,59.32620620727539
72.58999633789062,64.22000122070312,66.0,68.4800033569336,131679835.0,61.574092864990234
86.9800033569336,69.5199966430664,70.77999877929688,86.20999908447266,154025035.0,77.5160903930664
89.80000305175781,75.12000274658203,84.41999816894531,87.91999816894531,120914260.0,79.05363464355469
93.63999938964844,80.27999877929688,91.0,89.12000274658203,96831415.0,80.13262939453125
103.16999816894531,87.20999908447266,90.05000305175781,100.6500015258789,121304410.0,90.49988555908203
107.18000030517578,92.56999969482422,103.0,105.91999816894531,179743225.0,95.2384262084961
114.0,102.66999816894531,104.0,111.45999908447266,90787370.0,100.2197494506836
128.58999633789062,114.41999816894531,115.0,121.44999694824219,111359285.0,109.20228576660156
138.39999389648438,120.56999969482422,122.62000274658203,131.9199981689453,138457200.0,118.6164321899414
163.60000610351562,135.3300018310547,146.0,152.57000732421875,93960735.0,139.25718688964844
162.39999389648438,147.9600067138672,153.1999969482422,155.7899932861328,73860010.0,142.19618225097656
162.0,139.60000610351562,158.1999969482422,147.6999969482422,120121675.0,134.81210327148438
153.0,132.42999267578125,148.0,140.75,71574465.0,128.46856689453125
154.55999755859375,137.60000610351562,139.0,151.22999572753906,83955080.0,138.0341033935547
164.39999389648438,144.67999267578125,152.00999450683594,163.61000061035156,70202885.0,149.33384704589844
180.0,163.63999938964844,164.0,174.6699981689453,106908600.0,159.42880249023438
177.0,145.22000122070312,176.02000427246094,147.64999389648438,85465100.0,134.76646423339844
171.5,141.4199981689453,143.8000030517578,170.22000122070312,115400405.0,155.36708068847656
183.75999450683594,163.3300018310547,183.75999450683594,178.7899932861328,69947425.0,163.18930053710938
194.8800048828125,176.02000427246094,180.0,183.42999267578125,76408390.0,167.4243927001953
185.82000732421875,162.0,184.10000610351562,162.92999267578125,84699250.0,148.7131805419922
177.8000030517578,159.3800048828125,164.8000030517578,174.02000427246094,97145925.0,158.83554077148438
177.33999633789062,161.7100067138672,170.39999389648438,176.49000549316406,64886550.0,161.08999633789062
187.77999877929688,178.39999389648438,178.60000610351562,183.77000427246094,51873460.0,167.73475646972656
184.8000030517578,176.1999969482422,181.39999389648438,181.4499969482422,33306245.0,165.6171875
188.94000244140625,178.07000732421875,182.39999389648438,180.5800018310547,45549915.0,164.82308959960938
185.47999572753906,178.00999450683594,180.1999969482422,182.77000427246094,46910820.0,166.82200622558594
186.0,180.80999755859375,182.77000427246094,182.9600067138672,38156945.0,166.9954376220703
203.5800018310547,182.9600067138672,182.9600067138672,201.86000061035156,79363485.0,184.2462615966797
205.60000610351562,191.58999633789062,200.0,199.2899932861328,69605685.0,181.90052795410156
208.39999389648438,199.0,200.74000549316406,201.3000030517578,48831635.0,183.73512268066406
205.3300018310547,192.0,201.3000030517578,198.80999755859375,32716490.0,181.46240234375
199.60000610351562,179.99000549316406,199.60000610351562,181.47999572753906,66241460.0,165.64456176757812
189.74000549316406,177.52000427246094,181.47999572753906,187.5800018310547,41574885.0,171.21231079101562
205.60000610351562,183.10000610351562,183.10000610351562,199.22000122070312,66297265.0,181.8366241455078
205.0,191.02000427246094,200.1999969482422,198.41000366210938,35606125.0,181.09730529785156
207.58999633789062,187.39999389648438,198.0,194.24000549316406,46157940.0,177.2911834716797
212.8000030517578,196.8000030517578,197.0,205.41000366210938,34445485.0,187.4865264892578
209.47999572753906,199.57000732421875,206.0,200.75,31555170.0,183.23313903808594
202.60000610351562,183.16000366210938,200.60000610351562,186.86000061035156,52878270.0,170.55511474609375
198.3699951171875,185.1999969482422,187.8000030517578,197.47000122070312,28542630.0,180.23931884765625
199.57000732421875,194.02000427246094,197.47000122070312,197.83999633789062,14848095.0,180.5770263671875
205.74000549316406,197.6199951171875,198.77999877929688,203.19000244140625,30850425.0,185.46023559570312
218.67999267578125,203.02000427246094,203.8000030517578,215.55999755859375,62061215.0,196.75083923339844
235.5399932861328,205.0,214.0,206.3300018310547,39276760.0,188.3262176513672
209.0,193.02999877929688,205.1999969482422,205.13999938964844,47110880.0,187.2400665283203
216.39999389648438,199.02000427246094,205.1999969482422,205.13999938964844,51622795.0,187.2400665283203
211.39999389648438,200.1999969482422,205.0,206.63999938964844,29017440.0,188.6091766357422
223.25999450683594,202.0,206.60000610351562,218.89999389648438,61265205.0,199.7993927001953
227.39999389648438,213.00999450683594,220.6999969482422,224.89999389648438,44422380.0,205.27586364746094
235.0,220.0800018310547,224.89999389648438,220.6699981689453,50612575.0,201.4149627685547
232.32000732421875,209.0,228.85000610351562,230.2100067138672,45407090.0,210.12254333496094
234.39999389648438,225.72000122070312,225.72000122070312,231.1999969482422,37181420.0,211.026123046875
239.58999633789062,220.0,220.0,238.64999389648438,28348770.0,217.8260498046875
243.0,232.3800048828125,239.39999389648438,234.7100067138672,18713210.0,214.2298583984375
239.97000122070312,229.66000366210938,235.44000244140625,236.69000244140625,46489755.0,216.03712463378906
237.67999267578125,226.27999877929688,236.25999450683594,229.67999267578125,24773885.0,209.63876342773438
250.39999389648438,225.63999938964844,228.0,247.17999267578125,60698655.0,225.6117706298828
257.3999938964844,247.58999633789062,248.0,254.0,48833360.0,231.836669921875
258.17999267578125,236.44000244140625,253.60000610351562,238.22999572753906,30669260.0,217.44273376464844
264.0,240.39999389648438,240.39999389648438,259.1499938964844,55112645.0,236.5373077392578
255.4199981689453,234.58999633789062,254.0,243.1300048828125,65838455.0,221.91514587402344
248.0,229.42999267578125,243.1300048828125,245.07000732421875,48370615.0,225.93580627441406
251.60000610351562,233.6999969482422,243.16000366210938,249.08999633789062,34817120.0,229.64190673828125
252.02999877929688,239.1999969482422,243.72000122070312,249.16000366210938,37189215.0,229.70643615722656
252.39999389648438,238.38999938964844,250.1999969482422,242.3000030517578,37063905.0,223.38204956054688
255.52999877929688,244.0,244.0,249.82000732421875,33000500.0,230.31494140625
253.25999450683594,243.00999450683594,250.1999969482422,247.44000244140625,24804160.0,228.1207275390625
255.57000732421875,245.08999633789062,247.22000122070312,254.6199951171875,20881560.0,234.74014282226562
273.7799987792969,253.11000061035156,255.4499969482422,271.42999267578125,44052175.0,250.23768615722656
279.0,267.0,271.0,277.989990234375,40833360.0,256.28546142578125
279.3500061035156,267.3999938964844,278.0,268.69000244140625,32906475.0,247.7116241455078
274.32000732421875,261.1499938964844,270.0199890136719,262.8599853515625,25625325.0,242.3367919921875
267.20001220703125,254.97000122070312,262.8599853515625,265.6400146484375,31738770.0,244.89971923828125
275.0,264.0,266.1000061035156,273.3999938964844,25170790.0,252.05384826660156
277.1400146484375,263.7200012207031,273.3999938964844,265.3900146484375,27559680.0,244.66925048828125
280.0,230.0,266.3999938964844,275.92999267578125,23825030.0,254.3863525390625
281.2799987792969,273.4599914550781,276.79998779296875,275.8800048828125,18299760.0,254.34022521972656
304.6000061035156,277.20001220703125,277.20001220703125,301.29998779296875,37440480.0,277.7755126953125
316.510009765625,295.0799865722656,301.0,301.3699951171875,42192435.0,277.8400573730469
316.79998779296875,290.0400085449219,303.989990234375,314.9700012207031,34147845.0,290.3782043457031
319.739990234375,310.4800109863281,316.3999938964844,314.07000732421875,25494460.0,289.5484924316406
321.70001220703125,299.2200012207031,315.239990234375,300.4100036621094,41448965.0,276.9550476074219
302.7699890136719,285.3999938964844,285.3999938964844,292.79998779296875,38966875.0,269.93914794921875
298.0,286.2099914550781,293.3999938964844,294.2099914550781,28351180.0,271.2391052246094
311.8900146484375,296.4200134277344,297.7799987792969,309.8800048828125,15595365.0,285.6856384277344
316.79998779296875,296.2900085449219,311.79998779296875,298.3999938964844,21558725.0,275.1019592285156
307.0,274.010009765625,300.04998779296875,276.94000244140625,49391745.0,255.31748962402344
290.760009765625,259.3999938964844,280.0,266.17999267578125,44643690.0,245.3975830078125
292.20001220703125,263.0400085449219,269.7900085449219,281.2300109863281,32172070.0,259.27252197265625
284.94000244140625,245.94000244140625,284.94000244140625,264.7099914550781,64499105.0,244.04232788085938
271.0,256.010009765625,268.0,261.8699951171875,41111710.0,241.42404174804688
265.8999938964844,253.3699951171875,262.0,264.3999938964844,27950590.0,243.75656127929688
271.6000061035156,257.30999755859375,265.8800048828125,270.0199890136719,21154580.0,248.93775939941406
275.32000732421875,252.77999877929688,273.0,256.1300048828125,36949650.0,236.13223266601562
265.5199890136719,239.0,257.0,240.32000732421875,52761685.0,221.55665588378906
266.69000244140625,240.02000427246094,242.39999389648438,257.4100036621094,56079370.0,237.3123016357422
268.95001220703125,248.69000244140625,257.79998779296875,250.6999969482422,56953905.0,231.12620544433594
253.66000366210938,242.44000244140625,246.41000366210938,244.52000427246094,40341030.0,225.42874145507812
248.47999572753906,230.0,248.47999572753906,244.33999633789062,36668415.0,225.2627716064453
269.7699890136719,241.4199981689453,241.4199981689453,259.3599853515625,39665520.0,239.11001586914062
262.6000061035156,236.0,258.0,246.5,33660390.0,227.25411987304688
268.20001220703125,242.39999389648438,246.60000610351562,265.6600036621094,35747445.0,244.91818237304688
265.9100036621094,251.66000366210938,261.0,253.13999938964844,26992165.0,233.37570190429688
265.6700134277344,249.13999938964844,253.1999969482422,253.83999633789062,35952515.0,234.02102661132812
273.9800109863281,252.22000122070312,257.6000061035156,272.989990234375,27223950.0,251.67584228515625
288.7099914550781,273.010009765625,274.0,281.54998779296875,44064470.0,259.56756591796875
292.0899963378906,281.3999938964844,282.2200012207031,289.94000244140625,33077195.0,267.3025207519531
291.5799865722656,278.8699951171875,287.44000244140625,285.9800109863281,20658375.0,263.65167236328125
291.55999755859375,276.44000244140625,286.0,289.510009765625,20122925.0,266.9061279296875
281.70001220703125,254.05999755859375,279.6000061035156,257.32000732421875,70363685.0,237.22933959960938
259.6000061035156,240.52999877929688,259.5799865722656,251.63999938964844,65505085.0,231.99278259277344
253.7100067138672,240.1999969482422,252.02000427246094,248.94000244140625,37287785.0,229.50363159179688
248.32000732421875,240.44000244140625,248.32000732421875,244.17999267578125,25972460.0,225.11524963378906
245.60000610351562,235.0,243.0,244.1199951171875,35006625.0,225.05995178222656
258.3500061035156,244.8000030517578,244.8000030517578,248.5500030517578,32277435.0,229.14407348632812
250.5800018310547,241.6300048828125,248.39999389648438,247.02999877929688,30871030.0,227.74273681640625
252.83999633789062,241.05999755859375,246.0399932861328,244.50999450683594,37020850.0,227.98387145996094
255.60000610351562,240.1999969482422,245.0,254.4499969482422,30975675.0,237.2520294189453
263.20001220703125,250.0,253.39999389648438,261.8299865722656,34164155.0,244.13323974609375
267.8999938964844,260.55999755859375,264.7799987792969,261.19000244140625,18132650.0,243.53651428222656
261.20001220703125,249.0399932861328,261.20001220703125,253.5800018310547,25311865.0,236.4408721923828
262.3999938964844,246.39999389648438,253.0500030517578,259.3800048828125,45501005.0,241.8488311767578
268.3999938964844,257.0,258.94000244140625,267.5,46270665.0,249.42005920410156
273.510009765625,240.0,269.79998779296875,248.41000366210938,43629930.0,231.62030029296875
253.16000366210938,236.17999267578125,241.0399932861328,241.85000610351562,53238840.0,225.50369262695312
246.14999389648438,208.1999969482422,241.85000610351562,213.9199981689453,35936415.0,199.46144104003906
222.8800048828125,198.36000061035156,215.02999877929688,200.05999755859375,67906325.0,186.53822326660156
221.94000244140625,203.10000610351562,203.8000030517578,216.0800018310547,31597920.0,201.47544860839844
232.1699981689453,211.60000610351562,214.72000122070312,220.66000366210938,62936065.0,205.74591064453125
228.19000244140625,207.8000030517578,218.0,226.6699981689453,51448375.0,211.3496551513672
232.1999969482422,213.0800018310547,224.9600067138672,217.3699951171875,50669885.0,202.67823791503906
219.1999969482422,202.1199951171875,216.67999267578125,203.77999877929688,58822450.0,190.0067901611328
207.6999969482422,189.0399932861328,200.60000610351562,206.05999755859375,49737890.0,192.13265991210938
222.0,203.3699951171875,206.0,220.6699981689453,55249775.0,205.75521850585938
227.97999572753906,215.4499969482422,222.3800048828125,225.5399932861328,39595810.0,210.29605102539062
238.8000030517578,222.0,231.6199951171875,230.10000610351562,66177790.0,214.54788208007812
232.80999755859375,220.4600067138672,230.0,225.6999969482422,42183295.0,210.44522094726562
230.77999877929688,210.39999389648438,225.6999969482422,211.39999389648438,31433555.0,197.1117401123047
216.1999969482422,188.0,214.60000610351562,192.83999633789062,58968000.0,179.8061981201172
195.57000732421875,184.22000122070312,192.0,193.4499969482422,64001035.0,180.37496948242188
202.39999389648438,187.1999969482422,196.24000549316406,201.19000244140625,56925360.0,187.5918426513672
210.49000549316406,195.63999938964844,201.0,198.3800048828125,44406450.0,184.97177124023438
201.60000610351562,179.0,201.0,180.80999755859375,64309740.0,168.58929443359375
179.58999633789062,161.77000427246094,179.58999633789062,175.99000549316406,80155880.0,164.09506225585938
178.1999969482422,160.66000366210938,176.0,161.6199951171875,51067895.0,150.69631958007812
175.75999450683594,156.8000030517578,162.0,170.6999969482422,66620560.0,159.16259765625
193.69000244140625,167.02000427246094,170.1999969482422,187.94000244140625,63886325.0,175.2373809814453
204.0,183.4199981689453,186.8000030517578,201.80999755859375,65889880.0,188.169921875
215.8800048828125,196.80999755859375,203.39999389648438,214.61000061035156,89178800.0,200.10479736328125
221.8699951171875,203.4600067138672,213.9600067138672,219.8699951171875,56837760.0,205.00929260253906
228.77999877929688,219.58999633789062,222.8000030517578,223.61000061035156,57673070.0,208.49652099609375
259.0,221.6999969482422,224.0,255.63999938964844,59277335.0,238.36163330078125
261.69000244140625,235.22999572753906,255.63999938964844,236.69000244140625,56608780.0,220.6924591064453
241.91000366210938,221.0,237.0,233.3300018310547,66634975.0,217.55953979492188
243.8000030517578,221.14999389648438,233.0,242.67999267578125,49516840.0,226.27755737304688
256.739990234375,240.69000244140625,250.0,243.24000549316406,55954415.0,226.79974365234375
248.66000366210938,230.44000244140625,245.58999633789062,235.8699951171875,55926760.0,219.9278564453125
234.97999572753906,219.0399932861328,234.97999572753906,229.24000549316406,62614015.0,213.7459716796875
237.0,225.1999969482422,225.1999969482422,233.3300018310547,25778575.0,217.55953979492188
243.38999938964844,226.80999755859375,231.50999450683594,232.42999267578125,40399340.0,216.72036743164062
245.3000030517578,231.6199951171875,231.9600067138672,235.42999267578125,42409400.0,219.517578125
237.67999267578125,215.22999572753906,235.60000610351562,220.8000030517578,57923905.0,205.87644958496094
225.94000244140625,199.74000549316406,224.07000732421875,201.9499969482422,48614460.0,188.30047607421875
205.97999572753906,191.0,198.0,200.0399932861328,64189750.0,186.51954650878906
202.72000122070312,184.39999389648438,200.8000030517578,189.8800048828125,54208810.0,177.0462646484375
202.39999389648438,190.02999877929688,190.1999969482422,200.0800018310547,47279805.0,186.55685424804688
207.60000610351562,191.39999389648438,200.8000030517578,192.91000366210938,40543665.0,179.87147521972656
212.39999389648438,188.82000732421875,191.10000610351562,209.8800048828125,51021630.0,195.6945037841797
214.39999389648438,201.14999389648438,212.02000427246094,206.50999450683594,48519670.0,192.55226135253906
210.16000366210938,196.57000732421875,209.97999572753906,202.86000061035156,47309510.0,192.09104919433594
206.85000610351562,193.60000610351562,204.0,203.14999389648438,70497260.0,192.36566162109375
210.36000061035156,203.14999389648438,204.25,207.5,50767150.0,196.48471069335938
216.27999877929688,205.0,205.75999450683594,206.94000244140625,56596445.0,195.95448303222656
213.30999755859375,202.47000122070312,206.25,208.16000366210938,60031490.0,197.10971069335938
209.0,198.33999633789062,206.0,199.42999267578125,41974720.0,188.8431396484375
212.22000122070312,201.39999389648438,201.39999389648438,208.22000122070312,43519990.0,197.16651916503906
221.9600067138672,208.1699981689453,211.0,214.0,50701725.0,202.63966369628906
224.39999389648438,210.47999572753906,213.8000030517578,222.0399932861328,34253150.0,210.25286865234375
223.97000122070312,213.11000061035156,222.0399932861328,215.08999633789062,27699935.0,203.6718292236328
216.0,197.7100067138672,216.0,198.36000061035156,61829135.0,187.82992553710938
201.66000366210938,185.4499969482422,199.6300048828125,195.3699951171875,86936120.0,184.99864196777344
202.60000610351562,188.1999969482422,196.0,201.97999572753906,63688990.0,191.25778198242188
225.94000244140625,204.39999389648438,206.2899932861328,224.92999267578125,78912395.0,212.98944091796875
234.89999389648438,217.0500030517578,224.0500030517578,227.1999969482422,89126445.0,215.13894653320312
232.3800048828125,201.6999969482422,227.1999969482422,228.58999633789062,44333990.0,216.4551544189453
230.39999389648438,216.77000427246094,229.60000610351562,223.94000244140625,50476595.0,212.05201721191406
242.16000366210938,221.72000122070312,225.0,240.4499969482422,79045655.0,227.68556213378906
249.22999572753906,237.91000366210938,238.8000030517578,246.3300018310547,36260615.0,233.25343322753906
247.94000244140625,233.11000061035156,246.39999389648438,243.10000610351562,42742325.0,230.19491577148438
248.74000549316406,240.10000610351562,242.8800048828125,243.02000427246094,30717780.0,230.119140625
248.72999572753906,242.1999969482422,243.8000030517578,245.25,25952600.0,232.2307586669922
253.8000030517578,240.55999755859375,245.3000030517578,251.35000610351562,37566910.0,238.00694274902344
264.9200134277344,249.4199981689453,252.39999389648438,263.9800109863281,37155780.0,249.96646118164062
275.79998779296875,260.8999938964844,262.79998779296875,265.75,35338335.0,251.64248657226562
271.3800048828125,262.0199890136719,265.0199890136719,270.5400085449219,37466680.0,256.17822265625
273.19000244140625,261.3999938964844,270.20001220703125,264.25,41329785.0,250.22213745117188
274.9700012207031,264.4100036621094,264.4100036621094,271.9100036621094,25130160.0,257.4754943847656
279.29998779296875,270.54998779296875,270.6000061035156,275.7900085449219,24815550.0,261.1495056152344
277.5400085449219,268.6099853515625,277.0,272.82000732421875,33122165.0,258.33721923828125
286.20001220703125,272.30999755859375,273.4200134277344,277.6099853515625,49606345.0,262.87286376953125
281.79998779296875,274.1499938964844,277.0299987792969,277.25,33387950.0,262.531982421875
303.2099914550781,275.1700134277344,276.20001220703125,301.92999267578125,109431240.0,285.90185546875
303.0,289.1099853515625,301.6000061035156,290.1600036621094,40964435.0,274.7566833496094
300.8800048828125,284.0199890136719,290.6499938964844,289.8599853515625,64032015.0,274.47259521484375
290.94000244140625,279.79998779296875,289.79998779296875,282.3800048828125,26754995.0,267.3896789550781
283.3999938964844,263.7699890136719,281.4700012207031,272.739990234375,46343675.0,258.26141357421875
283.6000061035156,269.4100036621094,271.69000244140625,281.3999938964844,34565740.0,266.4617004394531
285.5400085449219,259.79998779296875,282.20001220703125,267.9700012207031,56512105.0,253.74465942382812
267.79998779296875,256.2799987792969,262.6000061035156,260.010009765625,46098920.0,246.20726013183594
266.8900146484375,255.41000366210938,263.6000061035156,260.1400146484375,20759070.0,246.33030700683594
264.0,243.44000244140625,260.25,245.91000366210938,32006615.0,232.855712890625
255.39999389648438,239.60000610351562,245.3000030517578,252.86000061035156,40027085.0,239.43675231933594
290.0,250.8000030517578,251.1999969482422,285.8800048828125,40164985.0,270.7038879394531
304.0,282.6300048828125,287.1000061035156,297.2699890136719,50475265.0,281.48919677734375
305.75,291.6000061035156,297.20001220703125,294.9599914550781,35674795.0,279.3018493652344
302.80999755859375,289.0,293.3999938964844,293.9800109863281,42281210.0,278.3739318847656
308.19000244140625,289.0199890136719,293.0,307.04998779296875,36858660.0,290.75006103515625
309.9800109863281,287.1099853515625,307.739990234375,292.239990234375,44980320.0,276.72625732421875
297.6000061035156,282.20001220703125,292.0,286.1099853515625,43071630.0,270.9216613769531
288.79998779296875,272.4200134277344,284.79998779296875,275.6499938964844,46822840.0,261.0169677734375
277.8699951171875,251.47999572753906,277.20001220703125,259.6000061035156,52991625.0,245.81898498535156
264.2099914550781,244.7899932861328,260.4200134277344,251.94000244140625,44905410.0,238.56561279296875
266.3999938964844,241.5800018310547,249.86000061035156,265.0400085449219,58095950.0,250.97019958496094
270.9800109863281,251.82000732421875,264.79998779296875,257.6099853515625,32657145.0,243.93460083007812
259.9800109863281,249.1999969482422,255.8000030517578,258.30999755859375,30616880.0,248.12826538085938
262.989990234375,231.6199951171875,258.3999938964844,238.3800048828125,80077975.0,228.98385620117188
243.9600067138672,218.8699951171875,238.8000030517578,221.5,60274600.0,212.7692108154297
226.52000427246094,203.11000061035156,220.4199981689453,220.63999938964844,89568410.0,211.943115234375
225.8000030517578,211.16000366210938,222.0,217.1199951171875,55137240.0,208.56185913085938
232.5,208.0,218.60000610351562,209.7899932861328,52704540.0,201.52078247070312
213.55999755859375,188.60000610351562,208.0,196.3000030517578,76901435.0,188.5625
198.8699951171875,156.8000030517578,198.0,166.58999633789062,207435980.0,160.02357482910156
192.58999633789062,152.67999267578125,169.13999938964844,190.47999572753906,204036325.0,182.97189331054688
214.60000610351562,190.47999572753906,190.47999572753906,211.9199981689453,135031195.0,203.5668182373047
234.55999755859375,208.63999938964844,217.8000030517578,220.47000122070312,110702265.0,211.7798309326172
216.97999572753906,200.24000549316406,214.60000610351562,206.17999267578125,90324765.0,198.05307006835938
224.60000610351562,199.02999877929688,203.80999755859375,218.50999450683594,75752280.0,209.89706420898438
223.8000030517578,208.8000030517578,217.39999389648438,219.92999267578125,97474910.0,211.2611083984375
232.1999969482422,213.44000244140625,219.0,231.24000549316406,85564295.0,222.12530517578125
244.94000244140625,231.8300018310547,232.02000427246094,238.14999389648438,80268255.0,228.76290893554688
252.3000030517578,235.27000427246094,240.0,243.77999877929688,80174705.0,234.17100524902344
251.47999572753906,222.50999450683594,243.77999877929688,223.83999633789062,56232290.0,215.0169677734375
221.72000122070312,202.11000061035156,221.0,219.4199981689453,94199345.0,210.7711944580078
231.17999267578125,215.47999572753906,223.89999389648438,216.4499969482422,69227655.0,207.91824340820312
231.97999572753906,218.02000427246094,218.39999389648438,231.19000244140625,46720880.0,222.07725524902344
257.79998779296875,231.60000610351562,231.9600067138672,255.9499969482422,47634830.0,245.86131286621094
268.5199890136719,244.00999450683594,268.0,247.9600067138672,41467455.0,238.18626403808594
261.0,245.94000244140625,246.41000366210938,255.57000732421875,44048815.0,245.49630737304688
263.79998779296875,255.6999969482422,256.20001220703125,258.8999938964844,30595170.0,248.69503784179688
265.0,249.1199951171875,260.0,252.17999267578125,41270475.0,242.23989868164062
253.16000366210938,231.77999877929688,251.50999450683594,232.80999755859375,83615075.0,223.63340759277344
240.0,229.0,233.0,230.58999633789062,72686395.0,221.50091552734375
245.75999450683594,226.4600067138672,228.5399932861328,240.9199981689453,61786310.0,231.4237518310547
236.72000122070312,221.0,235.1999969482422,224.58999633789062,51656720.0,215.7374267578125
227.1999969482422,219.7100067138672,222.4199981689453,225.08999633789062,39371040.0,216.2176971435547
227.8800048828125,216.52000427246094,226.38999938964844,220.61000061035156,31030990.0,211.914306640625
239.60000610351562,221.0,222.1999969482422,238.6699981689453,40717185.0,229.26242065429688
254.32000732421875,236.58999633789062,237.0,253.41000366210938,41064805.0,243.4214324951172
284.7300109863281,249.52000427246094,252.0,281.3599853515625,68343040.0,270.26971435546875
290.6000061035156,266.20001220703125,278.3999938964844,270.9800109863281,71734895.0,260.29888916015625
282.3900146484375,264.4200134277344,270.9800109863281,278.8500061035156,107431965.0,267.8586730957031
293.9800109863281,278.8500061035156,280.3800048828125,292.3900146484375,69772655.0,280.8649597167969
295.7799987792969,283.6000061035156,294.20001220703125,285.6300048828125,42350725.0,274.3714294433594
303.5199890136719,282.0199890136719,285.5799865722656,299.1499938964844,29536730.0,287.3585205078125
299.1499938964844,285.3999938964844,299.1499938964844,292.92999267578125,15183420.0,281.3836669921875
309.6000061035156,293.79998779296875,294.0,306.5400085449219,31089230.0,294.4572448730469
310.9599914550781,299.42999267578125,310.0,306.0299987792969,26054725.0,293.9673156738281
330.0,303.3399963378906,307.19000244140625,325.79998779296875,36412790.0,312.9580383300781
369.80999755859375,326.07000732421875,330.6000061035156,351.0,52997070.0,337.1647644042969
379.8800048828125,355.3999938964844,355.3999938964844,372.8999938964844,33398015.0,358.2015686035156
385.760009765625,364.79998779296875,375.3999938964844,367.2300109863281,33776785.0,352.7550354003906
396.70001220703125,364.510009765625,366.45001220703125,394.7200012207031,25535340.0,379.1614685058594
397.9200134277344,362.1400146484375,397.0,363.6000061035156,23501065.0,349.26812744140625
376.739990234375,350.0,362.3999938964844,373.2699890136719,35513415.0,362.29034423828125
387.79998779296875,371.010009765625,372.3999938964844,381.8399963378906,25349030.0,370.6082763671875
390.0,382.20001220703125,386.3999938964844,387.17999267578125,21767505.0,375.7911682128906
388.42999267578125,361.5199890136719,387.5,363.3299865722656,27624835.0,352.6427307128906
401.9700012207031,361.4599914550781,363.55999755859375,399.1600036621094,23088200.0,387.4188537597656
408.6099853515625,394.2699890136719,402.79998779296875,397.1499938964844,29079685.0,385.46795654296875
407.3500061035156,384.8999938964844,403.45001220703125,387.0,20238934.0,375.6164855957031
395.5,369.04998779296875,391.70001220703125,371.0,18795495.0,360.0871276855469
383.1499938964844,371.0,374.0,377.79998779296875,10213319.0,366.6871337890625
405.0,375.8500061035156,377.79998779296875,402.79998779296875,20467502.0,390.95172119140625
407.3500061035156,390.0,402.5,397.25,11790068.0,385.56500244140625
419.25,397.5,398.95001220703125,415.95001220703125,18383023.0,403.7149963378906
423.79998779296875,414.1499938964844,417.6499938964844,416.95001220703125,11448936.0,404.6855773925781
414.8999938964844,393.79998779296875,414.8999938964844,407.6499938964844,15965145.0,395.6590576171875
412.0,370.25,403.79998779296875,389.54998779296875,20298776.0,378.09149169921875
391.70001220703125,374.0,391.70001220703125,379.95001220703125,10893934.0,368.7738952636719
389.79998779296875,372.29998779296875,379.95001220703125,379.20001220703125,12161358.0,368.04595947265625
405.0,373.0,375.95001220703125,401.6000061035156,16801439.0,389.78704833984375
427.8999938964844,410.0,413.8500061035156,423.75,13610487.0,411.2854919433594
440.3999938964844,420.3500061035156,424.6000061035156,439.3999938964844,15004865.0,426.47515869140625
472.3999938964844,437.3999938964844,442.0,469.04998779296875,14751364.0,455.2530212402344
485.8999938964844,458.6499938964844,471.0,476.8999938964844,21161183.0,462.8721008300781
482.5,462.8999938964844,477.8999938964844,476.95001220703125,14834903.0,462.920654296875
485.79998779296875,462.6499938964844,479.0,481.20001220703125,23274894.0,467.045654296875
506.3999938964844,481.1499938964844,484.3999938964844,498.54998779296875,17758306.0,483.8852844238281
503.0,480.1000061035156,499.95001220703125,483.3999938964844,14690147.0,469.1808776855469
496.8999938964844,464.20001220703125,480.0,490.25,21457469.0,475.8294372558594
506.0,486.5,491.3999938964844,494.45001220703125,11883128.0,479.9059143066406
516.9000244140625,490.0,495.0,514.2999877929688,11788719.0,499.1719665527344
520.4000244140625,487.0,516.9000244140625,494.95001220703125,22807456.0,480.3912048339844
523.9500122070312,492.1499938964844,495.0,514.7999877929688,22924180.0,499.6573181152344
577.4000244140625,516.8499755859375,519.4500122070312,565.1500244140625,28029068.0,548.5263061523438
604.0499877929688,565.1500244140625,565.1500244140625,588.0999755859375,21668583.0,570.80126953125
625.5999755859375,545.75,586.0,563.1500244140625,40942595.0,546.5851440429688
588.75,540.5,555.0,581.0999755859375,30828118.0,564.007080078125
584.0,553.25,583.0,561.5,20355127.0,544.9835815429688
570.3499755859375,542.0,563.5,567.1500244140625,27800086.0,550.4674682617188
654.9000244140625,603.5,630.0,616.7999877929688,37034234.0,598.6569213867188
610.0,564.0999755859375,610.0,570.0,28912757.0,553.2335205078125
595.5499877929688,551.7000122070312,569.5,556.25,33786389.0,539.8881225585938
567.1500244140625,526.0999755859375,559.9000244140625,546.4000244140625,35968039.0,530.327880859375
573.5,549.3499755859375,552.5,569.6500244140625,16355721.0,552.8939208984375
577.0,551.0999755859375,571.9500122070312,568.0499877929688,31402277.0,551.3410034179688
573.5,531.7999877929688,570.0,533.7000122070312,27372657.0,518.0013427734375
548.7000122070312,507.0,534.0999755859375,527.25,33986059.0,511.7411193847656
582.4000244140625,519.0999755859375,529.4000244140625,567.7999877929688,39121736.0,551.098388671875
576.0,523.2999877929688,571.4000244140625,540.7999877929688,33254253.0,524.8925170898438
567.2999877929688,529.9000244140625,545.5,562.0499877929688,30369850.0,545.5174560546875
576.6500244140625,556.5,563.2999877929688,568.6500244140625,25179044.0,551.92333984375
587.2999877929688,558.2000122070312,568.0999755859375,585.4000244140625,21716643.0,568.1806030273438
588.9000244140625,538.5499877929688,586.9000244140625,548.4000244140625,29696012.0,532.2689208984375
570.2000122070312,540.7999877929688,547.0,551.4500122070312,32585392.0,535.229248046875
557.4000244140625,540.0499877929688,553.9000244140625,551.5499877929688,29064813.0,535.3262939453125
579.5,556.5499877929688,556.5499877929688,565.5,29747211.0,548.8660278320312
588.5,546.0,554.0,585.9500122070312,32842074.0,568.7144775390625
590.75,566.4000244140625,575.5,578.0999755859375,26813844.0,561.0953369140625
613.4500122070312,570.1500244140625,578.0999755859375,602.0999755859375,33026276.0,589.0885620117188
603.4000244140625,575.0999755859375,600.0,580.4500122070312,34207126.0,567.9064331054688
579.4500122070312,550.4500122070312,577.5,573.5,35361960.0,561.1066284179688
589.5,571.6500244140625,576.0,580.2999877929688,19103312.0,567.7597045898438
584.7000122070312,554.8499755859375,582.75,570.0,23869905.0,557.6822509765625
571.75,514.2999877929688,569.75,525.2999877929688,30918197.0,513.9482421875
528.9000244140625,475.1000061035156,506.70001220703125,508.1499938964844,60105264.0,497.1689147949219
517.9000244140625,462.5,506.70001220703125,468.0,44113885.0,457.88653564453125
495.0,446.75,469.6499938964844,481.25,49615171.0,470.8501892089844
520.4000244140625,479.25,480.0,517.4500122070312,41212556.0,506.2679443359375
534.7000122070312,497.1000061035156,510.54998779296875,513.9500122070312,29388587.0,502.8435363769531
522.0,485.0,514.5,496.25,46798344.0,485.52606201171875
518.5499877929688,484.20001220703125,504.5,490.45001220703125,49345787.0,479.85137939453125
507.5,485.0,497.79998779296875,505.0,29606384.0,494.0869445800781
527.5,501.1499938964844,502.0,525.6500244140625,27846776.0,514.290771484375
532.7000122070312,465.0,528.8499755859375,475.3999938964844,92341973.0,465.1266174316406
483.5,459.5,477.79998779296875,465.1499938964844,43236989.0,455.0981140136719
487.20001220703125,445.8999938964844,453.0,484.95001220703125,29711664.0,474.4702453613281
485.0,458.25,484.0,459.8500061035156,38678595.0,449.91265869140625
475.3999938964844,458.70001220703125,461.0,471.0,50100358.0,460.8216857910156
474.3999938964844,456.1000061035156,469.25,460.5,42411257.0,450.548583984375
465.54998779296875,436.54998779296875,462.95001220703125,440.6499938964844,47867713.0,431.1275329589844
443.6499938964844,429.5,432.0,432.54998779296875,52156498.0,423.2026062011719
455.25,432.1499938964844,432.54998779296875,450.75,21911101.0,441.00927734375
460.0,445.54998779296875,450.0,449.8999938964844,25343629.0,440.17767333984375
448.8999938964844,407.0,448.8999938964844,413.70001220703125,42293411.0,404.7599792480469
423.3999938964844,369.0,410.0,374.25,64252379.0,366.1624450683594
427.6499938964844,366.75,372.25,424.1499938964844,87148520.0,414.984130859375
429.75,393.25,429.75,408.3999938964844,41939532.0,399.574462890625
410.3500061035156,373.3500061035156,410.0,399.54998779296875,56059740.0,390.9157409667969
417.95001220703125,373.29998779296875,401.0,391.1000061035156,65980631.0,382.6483459472656
422.5,390.0,395.6499938964844,392.5,61592091.0,384.01806640625
398.75,377.25,395.0,386.3500061035156,51304404.0,378.0009765625
419.0,374.0,387.0,416.04998779296875,133847524.0,407.0591735839844
423.04998779296875,407.5,416.04998779296875,412.79998779296875,29338560.0,403.8793640136719
437.6000061035156,411.0,417.6000061035156,436.1000061035156,41199154.0,426.6758728027344
447.6000061035156,434.29998779296875,439.0,437.5,21933718.0,428.0456237792969
452.0,419.79998779296875,437.8500061035156,449.8999938964844,46926717.0,440.17767333984375
451.54998779296875,420.04998779296875,451.5,421.6000061035156,37161060.0,412.4892272949219
445.29998779296875,417.5,423.8999938964844,440.5,20899266.0,430.9808044433594
478.5,437.3999938964844,444.95001220703125,475.8500061035156,36490970.0,465.56689453125
484.8999938964844,458.04998779296875,474.0,472.3999938964844,77046537.0,462.1914367675781
479.0,458.45001220703125,474.3500061035156,461.45001220703125,39856221.0,451.47808837890625
506.8999938964844,461.6499938964844,465.79998779296875,490.6499938964844,65193069.0,480.0470275878906
505.5,477.25,492.0,490.6000061035156,34036233.0,479.9981384277344
525.0,482.0,495.3999938964844,512.4000244140625,35591504.0,501.32708740234375
544.9500122070312,506.75,513.9500122070312,542.6500244140625,40752872.0,530.9234008789062
549.1500244140625,526.75,542.0999755859375,541.0499877929688,41262028.0,529.3578491210938
535.7999877929688,516.0,529.7999877929688,526.9000244140625,35435838.0,515.5136108398438
528.0,492.79998779296875,515.0,510.5,37631124.0,499.4681396484375
545.7000122070312,507.1499938964844,507.3999938964844,542.9000244140625,31426673.0,531.16796875
548.5,535.25,545.5,546.4500122070312,21060700.0,534.6412963867188
570.4500122070312,541.5499877929688,551.6500244140625,565.0499877929688,29257754.0,558.0088500976562
576.7999877929688,532.9000244140625,570.0,537.7000122070312,34997912.0,530.9996948242188
559.2000122070312,518.5,518.5,546.1500244140625,51961735.0,539.344482421875
569.0,540.8499755859375,546.25,567.25,33065607.0,560.1815185546875
593.2000122070312,563.0,568.4500122070312,591.0,40238361.0,583.635498046875
598.0,580.0,591.0,588.5499877929688,42305905.0,581.216064453125
594.0,578.6500244140625,589.9000244140625,586.4000244140625,47007793.0,579.0928955078125
603.8499755859375,580.7000122070312,586.4000244140625,599.2000122070312,162322014.0,591.7333984375
638.2999877929688,599.2000122070312,599.2000122070312,613.0999755859375,44956887.0,605.4600830078125
612.4000244140625,583.2999877929688,597.7999877929688,602.2000122070312,40841587.0,594.6959228515625
612.0,555.7000122070312,603.0,557.4500122070312,55758932.0,550.503662109375
560.0,523.4500122070312,559.0999755859375,541.3499755859375,56569256.0,534.604248046875
553.3499755859375,524.0499877929688,542.9500122070312,533.8499755859375,37539140.0,527.1976318359375
538.75,513.2000122070312,538.0,520.6500244140625,17584463.0,514.1621704101562
544.8499755859375,517.0999755859375,524.1500244140625,526.0999755859375,45713766.0,519.5442504882812
531.5,477.29998779296875,529.4500122070312,486.8999938964844,86684726.0,480.8327331542969
488.04998779296875,468.1000061035156,486.8999938964844,478.70001220703125,37810901.0,472.73492431640625
513.5999755859375,458.95001220703125,484.75,498.75,45795055.0,492.5350646972656
503.0,470.1000061035156,498.75,473.45001220703125,37350006.0,467.55035400390625
482.54998779296875,458.04998779296875,475.8999938964844,471.20001220703125,32882694.0,465.328369140625
477.6000061035156,458.0,464.0,459.95001220703125,43290471.0,454.21856689453125
464.70001220703125,441.25,457.70001220703125,456.3999938964844,33429086.0,450.7127685546875
480.70001220703125,442.29998779296875,445.0,472.79998779296875,66528090.0,466.9084167480469
472.75,436.0,469.5,438.1000061035156,28584131.0,432.6408386230469
452.20001220703125,427.0,435.1000061035156,449.95001220703125,24960813.0,444.3431701660156
463.8999938964844,441.25,451.3999938964844,455.20001220703125,21640634.0,449.5277404785156
475.20001220703125,424.3999938964844,456.8999938964844,472.79998779296875,35604506.0,466.9084167480469
491.70001220703125,448.0,472.5,450.75,65428929.0,445.1331787109375
478.8500061035156,441.1000061035156,445.25,472.8500061035156,46756087.0,466.95782470703125
492.5,460.0,472.0,490.70001220703125,38187183.0,484.5854187011719
500.20001220703125,481.8500061035156,494.75,488.8999938964844,41796061.0,482.80780029296875
504.0,482.1000061035156,492.70001220703125,489.1000061035156,35160254.0,483.00531005859375
530.0,479.6499938964844,489.3999938964844,528.1500244140625,52808520.0,521.5687255859375
527.9000244140625,503.70001220703125,527.9000244140625,512.9000244140625,31873473.0,506.5087890625
520.7999877929688,500.25,514.7000122070312,515.9000244140625,35942943.0,509.47137451171875
525.6500244140625,509.04998779296875,515.9000244140625,517.1500244140625,39883275.0,510.705810546875
518.25,483.0,518.0,489.3500061035156,41079503.0,483.252197265625
513.0,483.54998779296875,488.3999938964844,490.79998779296875,44696658.0,484.68414306640625
517.6500244140625,491.3500061035156,495.70001220703125,504.20001220703125,27297813.0,497.9171447753906
520.4000244140625,502.8999938964844,504.6499938964844,507.54998779296875,25771412.0,501.2254333496094
509.04998779296875,483.29998779296875,505.54998779296875,486.25,35423481.0,480.1908264160156
525.0,481.0,487.95001220703125,509.6499938964844,70873345.0,503.2992248535156
522.4000244140625,500.0,509.6499938964844,504.5,39920276.0,498.21343994140625
534.5999755859375,499.20001220703125,509.0,503.0,42416332.0,496.7320861816406
508.5,490.25,505.0,501.70001220703125,40698835.0,495.4483337402344
513.0,495.0,504.0,511.45001220703125,34944374.0,505.0768127441406
516.9500122070312,502.20001220703125,511.8999938964844,508.04998779296875,30009810.0,501.7192077636719
521.7999877929688,505.54998779296875,507.3500061035156,513.6500244140625,20337121.0,507.2493896484375
514.2999877929688,501.54998779296875,512.4500122070312,510.45001220703125,17615675.0,504.08929443359375
525.3499755859375,503.6499938964844,511.0,504.6499938964844,22593193.0,498.3615417480469
520.0,484.45001220703125,504.6499938964844,517.3499755859375,41990217.0,510.90325927734375
521.7999877929688,501.25,517.0999755859375,503.1499938964844,17967246.0,496.8802185058594
516.8499755859375,504.20001220703125,509.1000061035156,512.9500122070312,36063847.0,511.5351257324219
544.2000122070312,508.3500061035156,513.0999755859375,540.7999877929688,41112304.0,539.3082275390625
547.5,512.0,541.0,515.0999755859375,45605294.0,513.6791381835938
524.0499877929688,504.6000061035156,517.4000244140625,508.1000061035156,25001901.0,506.698486328125
511.79998779296875,480.0,509.0,489.70001220703125,40718956.0,488.3492736816406
503.45001220703125,488.0,491.0,490.3999938964844,18057525.0,489.04730224609375
510.5,491.79998779296875,492.1000061035156,506.8500061035156,34984535.0,505.4519348144531
512.9000244140625,498.5,507.5,507.54998779296875,20024053.0,506.1499938964844
509.0,491.5,506.6000061035156,494.0,20136291.0,492.6373596191406
521.7999877929688,492.6499938964844,495.3500061035156,516.1500244140625,35457349.0,514.726318359375
526.0,503.20001220703125,518.6500244140625,505.29998779296875,25670294.0,503.9062194824219
518.2000122070312,488.29998779296875,504.0,509.1499938964844,44502337.0,507.7455749511719
517.0,497.45001220703125,509.1499938964844,503.3500061035156,36197931.0,501.96160888671875
534.6500244140625,501.25,503.3999938964844,529.4500122070312,26311914.0,527.9896240234375
531.75,458.0,530.3499755859375,460.29998779296875,69202354.0,459.03033447265625
491.3999938964844,447.5,458.6499938964844,485.95001220703125,110592791.0,484.6095886230469
545.7000122070312,481.6000061035156,487.20001220703125,540.0999755859375,84118120.0,538.6102294921875
555.4500122070312,523.0,539.0499877929688,544.7999877929688,58458681.0,543.2972412109375
564.5499877929688,532.5999755859375,557.0,542.4000244140625,49710301.0,540.9038696289062
548.9000244140625,535.5499877929688,542.25,545.5,28437152.0,543.9953002929688
565.9000244140625,531.9000244140625,544.0999755859375,533.8499755859375,52310343.0,532.3773803710938
544.5,529.0999755859375,536.2000122070312,542.5,24119503.0,541.0036010742188
552.4000244140625,533.0499877929688,550.0,547.9500122070312,24339083.0,546.4385375976562
557.7999877929688,530.0,537.9500122070312,553.5999755859375,22606409.0,552.072998046875
567.8499755859375,544.0,553.5999755859375,563.9500122070312,24232098.0,562.3944702148438
569.7999877929688,555.75,563.7999877929688,563.25,23241371.0,561.6963500976562
573.0,552.5,565.7999877929688,555.0999755859375,19628510.0,553.5687866210938
597.1500244140625,555.7999877929688,556.7000122070312,590.25,31755019.0,588.6218872070312
627.5999755859375,583.1500244140625,595.9500122070312,616.0999755859375,48985242.0,614.4005126953125
620.9000244140625,561.2999877929688,614.5499877929688,564.9000244140625,34598088.0,563.341796875
577.0499877929688,534.0,551.0999755859375,557.5499877929688,42619225.0,556.0120849609375
568.0,531.3499755859375,563.7000122070312,537.8499755859375,26747573.0,536.3663940429688
548.0499877929688,524.4000244140625,537.8499755859375,536.6500244140625,23982276.0,535.1697998046875
554.4000244140625,520.0,541.0999755859375,525.75,25888348.0,524.2998046875
530.6500244140625,503.0,524.0,505.3500061035156,42873919.0,503.9560852050781
539.2000122070312,505.29998779296875,510.6000061035156,522.5999755859375,34185559.0,521.1585083007812
532.5,496.0,522.5999755859375,499.5,52152916.0,498.1222229003906
522.5499877929688,495.20001220703125,499.0,510.5,26902714.0,509.0918884277344
508.5,490.25,506.75,500.20001220703125,29716820.0,498.8203125
555.5499877929688,501.20001220703125,502.20001220703125,542.5499877929688,56470304.0,541.053466796875
544.9500122070312,503.0,541.5,505.70001220703125,34087944.0,504.30511474609375
543.0999755859375,481.25,508.3999938964844,539.2000122070312,87718564.0,537.7127075195312
538.7999877929688,513.4000244140625,535.7999877929688,520.2999877929688,61484561.0,518.8648071289062
556.5,523.0,523.75,553.2999877929688,42753098.0,551.7738037109375
563.5,528.5,551.2000122070312,532.9000244140625,37576786.0,531.4301147460938
543.5,519.4000244140625,535.0,538.5,23173236.0,537.0146484375
551.7999877929688,532.25,541.7000122070312,536.6500244140625,39260536.0,535.1697998046875
550.0,524.25,539.5499877929688,537.4000244140625,26221055.0,535.9176635742188
551.7999877929688,516.0999755859375,539.7999877929688,528.75,24933086.0,527.29150390625
531.0,510.54998779296875,530.25,525.6500244140625,25537821.0,524.2001342773438
523.3499755859375,498.75,520.3499755859375,510.79998779296875,27648150.0,509.3910217285156
519.9000244140625,503.0,510.75,513.7000122070312,22750756.0,512.2830200195312
545.7000122070312,515.0999755859375,515.0999755859375,523.0,26306791.0,521.5574340820312
542.4000244140625,515.0,523.0,533.7000122070312,22307441.0,532.2278442382812
555.0,526.4000244140625,534.9000244140625,553.25,31121094.0,551.7239379882812
584.4500122070312,538.25,556.0499877929688,574.75,64006428.0,573.1646728515625
624.4000244140625,575.2000122070312,575.2000122070312,615.5,80493703.0,613.80224609375
635.0,602.5999755859375,612.0,627.2999877929688,50860156.0,625.5696411132812
644.6500244140625,617.2999877929688,630.0,639.9000244140625,49721241.0,638.135009765625
667.6500244140625,641.25,643.0,649.25,58111065.0,647.4591674804688
655.4500122070312,622.75,655.4500122070312,645.5499877929688,41663570.0,643.7693481445312
677.9500122070312,630.0999755859375,644.9500122070312,636.4000244140625,78124043.0,634.6446533203125
634.0,563.4000244140625,633.7000122070312,599.2000122070312,51531355.0,597.5471801757812
624.3499755859375,587.8499755859375,599.5999755859375,613.25,64677778.0,611.5584106445312
617.5,553.7999877929688,615.0999755859375,568.5,65239812.0,566.931884765625
602.25,546.0999755859375,570.0,584.9000244140625,56578636.0,583.2866821289062
598.7999877929688,554.5499877929688,585.0,562.5499877929688,40422720.0,560.998291015625
576.9500122070312,534.5499877929688,567.9500122070312,537.7000122070312,51778777.0,536.2168579101562
617.9000244140625,538.5499877929688,541.3499755859375,610.6500244140625,65112965.0,608.9656372070312
633.0,600.0499877929688,628.9000244140625,613.2000122070312,55011591.0,611.508544921875
636.7000122070312,604.0499877929688,612.5499877929688,619.7999877929688,49062729.0,618.09033203125
629.4000244140625,608.5999755859375,619.7999877929688,614.5499877929688,30494480.0,612.8548583984375
638.7000122070312,616.5,618.6500244140625,625.75,58443729.0,624.0239868164062
633.0,592.3499755859375,632.0,603.9500122070312,43806514.0,602.2841186523438
625.9000244140625,580.5,595.0,620.25,46890337.0,618.5391235351562
651.6500244140625,613.8499755859375,622.5499877929688,620.8499755859375,51814751.0,619.137451171875
628.0,603.4500122070312,626.0,625.0499877929688,31388539.0,623.3258666992188
631.9500122070312,603.6500244140625,630.4000244140625,619.5999755859375,52205566.0,617.890869140625
672.0499877929688,624.2000122070312,626.0,666.5,62700190.0,664.6615600585938
680.0,652.5499877929688,663.0,664.5999755859375,36407474.0,662.7667846679688
676.8499755859375,653.8499755859375,661.5499877929688,669.75,35348106.0,667.902587890625
726.8499755859375,649.5499877929688,669.0,717.25,112038943.0,715.2715454101562
734.5,708.0,711.2999877929688,719.4000244140625,39484143.0,717.4156494140625
719.9000244140625,681.7000122070312,719.9000244140625,686.5999755859375,55741504.0,684.7061157226562
706.5,680.7000122070312,686.0,702.0499877929688,36221207.0,700.1134643554688
727.7999877929688,693.0499877929688,702.9000244140625,702.4000244140625,67824114.0,700.4625244140625
739.4500122070312,700.7000122070312,702.4000244140625,733.4000244140625,40817626.0,731.3770141601562
751.0,730.5999755859375,733.2999877929688,735.0999755859375,51548541.0,733.0723266601562
767.0,735.5499877929688,741.0,757.0499877929688,36998777.0,754.9617309570312
787.6500244140625,741.1500244140625,752.7000122070312,777.25,48193007.0,775.1060791015625
783.0,756.0999755859375,780.9500122070312,762.2000122070312,30559319.0,760.0975952148438
768.0,747.0,764.2999877929688,764.3499755859375,26373141.0,762.2416381835938
779.0,760.0,764.0,771.2000122070312,16893748.0,769.07275390625
768.9000244140625,738.3499755859375,768.9000244140625,759.9000244140625,50684647.0,757.803955078125
769.7000122070312,748.0499877929688,759.9000244140625,757.2999877929688,25438640.0,755.2110595703125
755.5,729.4000244140625,746.0,735.0499877929688,25829037.0,733.0224609375
752.1500244140625,716.0999755859375,734.0,748.9500122070312,32004194.0,746.8841552734375
804.2999877929688,760.2000122070312,760.2000122070312,793.2000122070312,55145763.0,791.0120849609375
822.0999755859375,787.2000122070312,794.0,808.2999877929688,46114500.0,806.0703735351562
827.75,801.2999877929688,813.5499877929688,804.0,37555952.0,801.7822875976562
823.4000244140625,797.4500122070312,807.4000244140625,801.2000122070312,34078836.0,798.9900512695312
801.0,758.8499755859375,800.0999755859375,771.0499877929688,46711522.0,768.9231567382812
812.9000244140625,756.5499877929688,771.0,808.5499877929688,51240610.0,806.3197021484375
819.0,800.75,810.75,806.0999755859375,30405262.0,803.87646484375
803.6500244140625,751.0,802.0,755.7999877929688,35412455.0,754.6513061523438
765.5499877929688,723.2999877929688,757.25,729.25,37652952.0,728.1416625976562
739.2999877929688,706.3499755859375,730.0,729.8499755859375,36108918.0,728.74072265625
740.0,657.7999877929688,736.2000122070312,673.8499755859375,111679334.0,672.8258056640625
682.8499755859375,643.2000122070312,665.5,660.7999877929688,62801914.0,659.795654296875
678.0,645.0,660.7999877929688,675.6500244140625,21578029.0,674.6231079101562
689.0,645.25,678.7999877929688,663.9000244140625,41615876.0,662.8909912109375
697.5499877929688,640.0999755859375,677.25,663.9000244140625,52426492.0,662.8909912109375
672.75,638.5999755859375,663.9000244140625,671.0999755859375,38457656.0,670.0800170898438
683.5,657.0499877929688,667.6500244140625,674.25,31767315.0,673.2252197265625
689.4500122070312,622.6500244140625,666.5999755859375,680.3499755859375,83076096.0,679.31591796875
733.25,683.6500244140625,703.9000244140625,700.5999755859375,89412664.0,699.53515625
712.4000244140625,646.7000122070312,704.0499877929688,656.4000244140625,102448890.0,655.4024047851562
689.5,651.7000122070312,660.9500122070312,672.7000122070312,52814668.0,671.6776123046875
715.7000122070312,673.3499755859375,677.7999877929688,709.5499877929688,50883185.0,708.4715576171875
730.0,695.0,709.5499877929688,710.0999755859375,44041103.0,709.020751953125
750.0,704.25,708.5999755859375,748.2999877929688,37870672.0,747.1626586914062
756.0,722.7999877929688,754.9500122070312,725.5,40277632.0,724.3973388671875
737.4000244140625,707.25,723.4000244140625,716.9000244140625,32961938.0,715.8104248046875
753.8499755859375,712.2000122070312,717.7999877929688,732.0999755859375,41549578.0,730.9873046875
763.75,730.0,731.9500122070312,739.0499877929688,51859760.0,737.9267578125
747.0,715.0,739.25,717.5999755859375,37320243.0,716.5093383789062
754.8499755859375,709.0499877929688,713.4500122070312,752.0,45223211.0,750.8570556640625
756.5,737.2999877929688,752.25,739.8499755859375,39173121.0,738.7255249023438
762.0,733.9000244140625,736.9000244140625,760.1500244140625,32548951.0,758.9946899414062
765.8499755859375,740.5,760.9000244140625,742.9500122070312,40258510.0,741.8208618164062
751.7999877929688,709.0999755859375,739.4500122070312,740.0499877929688,40543116.0,738.9252319335938
751.4000244140625,730.8499755859375,740.0,739.9000244140625,35739561.0,738.7754516601562
746.2000122070312,706.5999755859375,742.9500122070312,737.4000244140625,62426228.0,736.279296875
748.4500122070312,702.0,732.4500122070312,705.4500122070312,46721378.0,704.3778076171875
749.2000122070312,695.5499877929688,704.7000122070312,748.1500244140625,47289623.0,747.012939453125
760.7000122070312,732.0999755859375,746.2999877929688,736.5,29936142.0,735.380615234375
754.0,724.7000122070312,737.4000244140625,744.2999877929688,21393043.0,743.1687622070312
739.4500122070312,691.0,737.9500122070312,697.2999877929688,44441930.0,696.2401733398438
713.25,641.0499877929688,709.2999877929688,657.6500244140625,63332464.0,656.6505126953125
641.8499755859375,451.1000061035156,639.0,568.7999877929688,80326485.0,567.9354858398438
545.0,392.1000061035156,542.3499755859375,428.1499938964844,142382521.0,427.499267578125
409.45001220703125,286.0,385.3500061035156,359.75,274312273.0,359.2032165527344
389.79998779296875,324.0,345.0,325.45001220703125,165471650.0,324.95538330078125
427.70001220703125,325.45001220703125,325.45001220703125,420.1499938964844,157114381.0,419.51141357421875
485.8999938964844,400.70001220703125,417.95001220703125,478.79998779296875,171922789.0,478.072265625
483.45001220703125,401.25,482.0,403.95001220703125,177546609.0,403.3360595703125
461.8999938964844,409.1000061035156,415.0,444.8999938964844,181807293.0,444.22381591796875
424.0,368.04998779296875,424.0,382.04998779296875,231191480.0,381.4693298339844
416.45001220703125,370.0,391.0,388.54998779296875,173798337.0,387.9594421386719
389.0,332.8500061035156,389.0,336.95001220703125,194638035.0,336.4378967285156
407.6499938964844,336.3500061035156,336.95001220703125,384.95001220703125,226873724.0,384.36492919921875
432.0,390.5,394.29998779296875,405.29998779296875,215373970.0,404.6839904785156
444.75,389.1499938964844,415.0,408.0,236200518.0,407.3798828125
422.29998779296875,360.3999938964844,405.95001220703125,417.04998779296875,288571292.0,416.4161376953125
448.5,410.3500061035156,420.0,424.8500061035156,187252421.0,424.20428466796875
441.5,402.3500061035156,415.0,428.45001220703125,198059109.0,427.798828125
461.3999938964844,426.20001220703125,434.1499938964844,439.6000061035156,157131858.0,438.931884765625
446.3999938964844,415.3999938964844,443.95001220703125,433.1000061035156,153911138.0,432.4417419433594
484.6000061035156,429.29998779296875,437.70001220703125,445.6000061035156,233975744.0,444.9227600097656
448.0,421.29998779296875,447.0,431.6499938964844,133747885.0,430.99395751953125
446.8500061035156,415.70001220703125,431.6000061035156,433.29998779296875,134537173.0,432.64141845703125
456.75,425.6000061035156,434.0,435.8500061035156,127153202.0,435.18756103515625
451.95001220703125,425.3500061035156,439.1000061035156,440.45001220703125,111871441.0,439.78057861328125
513.0,442.29998779296875,444.0,509.20001220703125,149109035.0,508.42608642578125
533.8499755859375,452.6000061035156,524.4500122070312,455.20001220703125,153308845.0,454.5081787109375
467.1499938964844,425.0,457.0,447.20001220703125,131733133.0,446.52032470703125
455.0,435.8999938964844,452.0,443.3500061035156,90083558.0,442.6761779785156
444.0,400.1499938964844,443.0,415.04998779296875,106822031.0,414.4191589355469
445.29998779296875,418.04998779296875,420.0,443.70001220703125,78952484.0,443.0256652832031
469.79998779296875,439.04998779296875,444.04998779296875,468.04998779296875,112470923.0,467.338623046875
481.95001220703125,454.0,473.5,472.3999938964844,96088268.0,471.6820068359375
515.5,476.25,477.04998779296875,507.20001220703125,125370133.0,506.42913818359375
517.5,481.6000061035156,508.25,492.5,146105541.0,491.75146484375
546.0,495.1000061035156,496.8500061035156,541.75,138480138.0,540.9266357421875
618.0,548.25,550.0,613.1500244140625,177535723.0,612.2181396484375
640.0,592.0,610.3499755859375,607.8499755859375,106969802.0,606.9261474609375
630.0,592.7000122070312,610.9500122070312,601.5999755859375,154984303.0,600.6856079101562
616.4500122070312,596.2000122070312,601.5999755859375,614.5,78122442.0,613.5660400390625
636.7000122070312,608.3499755859375,616.9500122070312,613.25,96741356.0,612.3179321289062
623.7999877929688,596.5,616.0,609.5,83640196.0,608.5736694335938
614.0,568.4000244140625,605.25,610.2000122070312,66212132.0,609.2725830078125
634.0,614.0,614.0,623.7999877929688,50825745.0,622.8519287109375
678.8499755859375,618.0,627.7999877929688,672.7000122070312,103032128.0,671.6776123046875
691.2000122070312,659.25,676.0,674.8499755859375,58553435.0,673.8242797851562
695.0,638.7999877929688,674.4500122070312,644.5,69693417.0,643.5204467773438
675.8499755859375,616.0,654.0,662.9000244140625,141365160.0,661.8925170898438
766.2999877929688,654.3499755859375,665.0,719.5999755859375,134504743.0,718.5062866210938
754.7000122070312,726.0,726.0,750.4000244140625,80677593.0,749.259521484375
799.0,741.3499755859375,759.9000244140625,749.6500244140625,96893865.0,748.5106811523438
783.5,712.5999755859375,749.6500244140625,724.7999877929688,104076547.0,723.6983642578125
760.7999877929688,720.5,738.0,730.75,75663630.0,729.6393432617188
776.5999755859375,732.0,735.0,750.5999755859375,62571536.0,749.4591674804688
754.0,703.5,754.0,726.25,78845345.0,725.1461791992188
739.5,680.0,719.0,698.2000122070312,79453657.0,697.1388549804688
717.0,691.0,698.2000122070312,713.0,53980164.0,711.9163208007812
708.4500122070312,667.0,707.2000122070312,668.2000122070312,64270559.0,667.1844482421875
675.25,626.6500244140625,651.0,669.2000122070312,54825664.0,668.1829223632812
677.5,631.0,650.0,671.3499755859375,68141190.0,670.32958984375
729.8499755859375,684.0999755859375,694.0,714.9000244140625,171217719.0,713.8134765625
726.9000244140625,692.0999755859375,706.0,716.75,53504970.0,715.66064453125
725.0,681.4000244140625,723.5,685.0,40951714.0,683.9589233398438
733.4000244140625,684.4000244140625,691.5,730.9000244140625,86586373.0,729.7891845703125
759.7000122070312,725.8499755859375,730.4000244140625,739.8499755859375,76332785.0,738.7255249023438
759.9000244140625,734.0,737.9000244140625,742.0499877929688,44414891.0,740.9221801757812
753.9500122070312,730.1500244140625,743.0999755859375,738.4500122070312,34054153.0,737.3276977539062
756.8499755859375,722.25,735.9000244140625,736.2999877929688,38309377.0,735.180908203125
765.9500122070312,720.5,725.0,761.3499755859375,35829736.0,760.1928100585938
769.5999755859375,744.0,764.5499877929688,750.6500244140625,29886705.0,749.5091552734375
767.1500244140625,740.25,757.0999755859375,747.3499755859375,23753328.0,746.214111328125
778.25,748.2999877929688,752.5,771.1500244140625,27061787.0,769.9779663085938
766.6500244140625,740.0999755859375,752.2999877929688,755.4000244140625,25850854.0,754.251953125
760.0,707.1500244140625,754.0,708.9000244140625,51649144.0,707.8225708007812
757.6500244140625,712.0,715.0,740.8499755859375,39603123.0,739.7239990234375
769.0,739.75,741.0,759.9000244140625,28614861.0,758.7450561523438
765.7999877929688,736.2000122070312,756.0,740.25,21006235.0,739.1249389648438
759.5999755859375,731.5,749.5,752.4000244140625,27212827.0,751.2564697265625
819.0,754.0,756.0,798.0,58913935.0,796.7871704101562
805.9000244140625,782.0499877929688,800.8499755859375,790.1500244140625,22278473.0,788.9490966796875
820.7000122070312,783.5,786.0,807.3499755859375,45279052.0,806.1229248046875
816.9500122070312,772.2999877929688,800.0,798.0499877929688,32727305.0,796.8370361328125
808.7999877929688,754.0,802.9000244140625,768.1500244140625,44594025.0,766.9825439453125
794.2000122070312,770.2999877929688,771.0999755859375,781.9500122070312,25801614.0,780.7615356445312
804.5,779.0,782.0,802.0499877929688,21054487.0,800.8309936523438
827.0,792.0,820.0,816.7000122070312,48723993.0,815.458740234375
866.9000244140625,714.0,830.0999755859375,742.0,126236446.0,740.8722534179688
762.6500244140625,740.0,755.0,752.9500122070312,34829898.0,751.8056640625
761.0,732.0,761.0,736.0499877929688,52406116.0,734.9312744140625
744.0,701.9000244140625,738.0,706.3499755859375,53369478.0,705.2764282226562
713.0,660.4500122070312,713.0,661.75,64793095.0,660.7442626953125
687.3499755859375,648.0,665.0499877929688,673.0,71086971.0,671.9771118164062
701.5499877929688,661.1500244140625,674.0,688.0499877929688,47388736.0,687.0042724609375
721.9500122070312,685.0999755859375,699.0,688.9000244140625,45093855.0,687.8529663085938
684.5,660.0999755859375,680.9500122070312,667.5,40453860.0,666.4854736328125
686.5,655.9500122070312,663.0499877929688,678.5499877929688,26318855.0,677.5186767578125
